-- phpMyAdmin SQL Dump
-- version 4.8.5
-- https://www.phpmyadmin.net/
--
-- Host: 127.0.0.1
-- Generation Time: Jul 10, 2019 at 06:19 AM
-- Server version: 10.1.38-MariaDB
-- PHP Version: 7.3.2

SET SQL_MODE = "NO_AUTO_VALUE_ON_ZERO";
SET AUTOCOMMIT = 0;
START TRANSACTION;
SET time_zone = "+00:00";


/*!40101 SET @OLD_CHARACTER_SET_CLIENT=@@CHARACTER_SET_CLIENT */;
/*!40101 SET @OLD_CHARACTER_SET_RESULTS=@@CHARACTER_SET_RESULTS */;
/*!40101 SET @OLD_COLLATION_CONNECTION=@@COLLATION_CONNECTION */;
/*!40101 SET NAMES utf8mb4 */;

--
-- Database: `library`
--

-- --------------------------------------------------------

--
-- Table structure for table `books`
--

CREATE TABLE `books` (
  `id` bigint(20) UNSIGNED NOT NULL,
  `books_category_id` bigint(20) UNSIGNED NOT NULL,
  `name` varchar(191) COLLATE utf8mb4_unicode_ci NOT NULL,
  `synopsis` longtext COLLATE utf8mb4_unicode_ci,
  `image` varchar(191) COLLATE utf8mb4_unicode_ci DEFAULT NULL,
  `status` tinyint(1) NOT NULL DEFAULT '0',
  `created_at` timestamp NULL DEFAULT NULL,
  `updated_at` timestamp NULL DEFAULT NULL
) ENGINE=InnoDB DEFAULT CHARSET=utf8mb4 COLLATE=utf8mb4_unicode_ci;

--
-- Dumping data for table `books`
--

INSERT INTO `books` (`id`, `books_category_id`, `name`, `synopsis`, `image`, `status`, `created_at`, `updated_at`) VALUES
(1, 1, 'Dilan 1990', 'Novel ini menceritakan sebuah kisah seorang perempuan yang bernama Milea. Milea merupakan seorang murid yang baru saja pindah dari Jakarta. Ketika Milea pergi menuju sekolah barunya di Bandung, dia dihampiri dengan teman laki-laki satu sekolahan dengannya. temannya itu adalah seorang yang suka meramal.\nLaki-laki yang suka meramal itu berkata bahwa nanti mereka berdua akan bertemu besok di hari minggu. Pada awalnya Melia acuh dengan lelaku itu, tapi dia merasa terganggu karena setiap hari laki-laki itu selalu saja menghampirinya dan membuat dia senang ketika bertemu denganya. Milea mencari tahu laki-laki itu. Ternyata laki-laki itu bernama Dilan.\nSuatu hari, Dilan ingin menemani Milea pulang naik angkot,Dilan berbisik, ” Milea, kamu cantik, tapi aku belum mencintaimu. enggak tahu sore. Tunggu saja”. Kata yang diucapkan Dilan membuat jantungnya berdetak dengan kencang, Milea kaget dengan apa yang diucapkan Dilan. Dengan diam Milea mendengar ucapan Dilan, saat itu juga Melia teringat dengan pacarnya bernama Beni yang tinggal di Jakarta.\nDilan mendekati Milea memakai cara yang unik,romantis, dan tak biasa, karena hal itu Milea terus memikirkannya. Dilan sering meberikan hadiah kepada Melia seperti cokelat melalui POS, membawa seorang tukang pijat saat Milea sedang sakit, dan saat Milea ulang tahun Dilan memberi kado sebuah TTS ( teka teki silang ), yang lucunya TTS itu ada tulisan “Selamat Hari Lahir Melia, Ini aku persembahkan hadiah untuk kamu, Hanya sebuah TTS, tapi semuanya sudah aku isi, aku cinta kamu, aku tidak ingin kamu jadi pusing karena mengisi TTS ini”.\nSeiring berjalanya waktu, Dilan dan Milea pun semakin akrab. Milea tahu tentang Dilan beberaa hal dari temannya yang bernama Wati, sepupu Dilan sekelas dengan Milea. Sekolah Milea mendapatkan kesempatan untuk mengikuti acara cerdas cermat yang diselenggarakan oleh TVRI, para siswa yang tidak mengikuti lomba boleh untuk memberikan semangat kepada teman-temannya yang mengikti lomba dengan ikut ke Jakarta.\nMilea pun ikut, dia sudah memiliki rencana untuk bertemu pacarnya Beni di Jakarta. Milea lama menunggu Beni yang janji akan bertemu di TVRI, akan tetapi Beni tidak datang-datang. Pada akhirnya, Milea pergi unutk makan bersama temannya Wati dan Wanda. Ketika itu Beni datang dengan penuh emosi dan marah melihat Milea makan dengan Nandan, teman sekelasnya. Hubungan mereka kandas ketika itu juga. Jelang beberapa hari Beni mengajak Milea untuk kembali menjadi pacarnya, tapi Milea menolak penawaran Beni.\nAkhirnya Milea Bertemu dengan ibuna Dilan. Ternyata, ibunya Dilan asiknya sama seperti Dilan. Ibunya Dilan pun senang dengan Milea, jadi ibunya Dilan memberikan dukungannya penuh agar mereka jadian.\n', 'img/books/dilan-1990.jpg', 1, NULL, '2019-07-09 16:17:20'),
(2, 1, 'Dilan 1991', 'Cinta pertama memang tak terlupakan. Meskipun sudah bertahun-tahun lamanya, dia tetap menempati sisi lain hati. Memang kelihatan samar, namun begitu nyata, walaupun hanya untuk pemilik hati saja.\nMilea Adnan Hussain, dia kembali mengenang kisah kasihnya bersama Dilan di tahun 1991.\nSetelah akhirnya mereka menandatangani surat pernyataan bermaterai di Warung Bi Eem, Milea dan Dilan resmi berpacaran. Dengan perasaan yang masih begitu memuncah, Dilan mengantarkan Milea pulang ke rumahnya dengan status Pacar Milea.\nMilea bahagia. Dilan juga begitu. Milea selalu rindu Dilan. Dilan sepertinya juga begitu.\n“Aku merasa benar-benar nyaman dengannya dan aku tidak merasa tertekan. Dia hanya menungguku untuk menyerah. Aku telah menemukan seseorang yang aku bisa mencintainya tanpa merasa takut untuk tidak dicintai.” – Milea – hlm. 273\n\nNamun, cinta mereka langsung diuji. Ingat bukan, sebelum mereka jadian, Dilan berkelahi dengan Anhar karena Anhar berani menampar Milea? Setelah itu, Dilan diancam akan dipecat dari sekolah jika berkelahi lagi?\nRasanya, bukan Dilan kalau takut dengan ancama pihak sekolah. Lagi-lagi Dilan dan kelompoknya berencana untuk balas dendam karena beberapa waktu yang lalu, Dilan dikeroyok sampai babak belur.\nMilea sebagai pacar Dilan tentu tak ingin pacarnya berkelahi. Apalagi Milea tahu, jika Dilan kena masalah lagi, maka dia akan dipecat dari sekolah. Milea tak ingin Dilan dipecat dari sekolah. Saking cemasnya, Milea mengancam Dilan. Jika Dilan nggak nurut Milea, mereka putus.\n“Dengar ya, Lia. Kamu harus tau, senakal-nakalnya gank anak motor, mereka juga shalat pada waktu ujian praktek Agama.” – Dilan – hlm. 19\n\nDilan masih remaja. Jiwanya yang bebas jelas tak ingin dikekang. Tapi, Dilan sangat mencintai Milea Adnan Hussain. Lalu, harus bagaimana dia harus bersikap? Menuntaskan rasa dendam dan marahnya, menyelematkan igo dan harga dirinya, atau menjadi Dilan yang diinginkan Milea?\n“Ah, gak apa-apa gak pacaran sama kamu juga, deh. Asal kamunya tetep ada di bumi. Udah cukup, udah bikin aku seneng.” – Dilan – hlm. 24\n', 'img/books/dilan-1991.jpg', 1, NULL, '2019-07-09 16:17:43'),
(3, 1, 'Milea', 'Novel ini menceritakan pengenalan singkat Dilan waktu dia masih kecil. Kira-kira waktu masih berumur 5 tahun, pernah ingin jadi macan walaupun itu tidak mungkin. Dia pernah menamai sepedanya dengan nama “mobil derek”. Dia juga pernah sholat pakai mukena. Dilan selalu berpikir bahwa dia mempunyai masa kecil yang benar-benar bahagia.\n\nSetelah SMA, Dilan ke sekolah tidak lagi naik sepeda melainkan naik motor. Pulangnya nongkrong di warung Kang Ewok. Di sana, dia biasa berkumpul dengan teman-temannya yang bernama Akew, Bowo, Anhar, Burhan, Ivan, dan lain-lain. Dilan juga sering nongkrong di warung Bi Eem bersama teman-temannya. Di warung Bi Eem itulah Dilan mendengar nama Milea, seorang gadis cantik yang berasal dari Jakarta. Dilan menyukai Milea, teman-temannya juga mendukungnya. Ketika Dilan ingin melakukan pendekatan dengan Milea, Dilan minta do’a pada bundanya agar lancar.\n\nSetelah banyak yang sudah Dilan lakukan dalam rangka mendekati Milea, waktu akhirnya datang. Tanggal 22 Desember tahun 1990, di Bandung, tepatnya di warung bi Eem, Dilan resmi berpacaran dengan Milea Adnan Hussain, dinyatakan secara lisan dan tulisan, yang lengkap dibubuhi tanda tangan oleh kedua belah pihak di atas materai. Masing-masing merasa dimaui, merasa sangat diterima dan membiarkan diri dikuasai oleh harapan untuk mencapai kesempurnaan di dalam berpacaran. Kesehariannya berpacaran dengan Milea sangat romantis. Dilan membuat begitu banyak puisi yang indah untuk Milea. Kelakuan Dilan yang konyol selalu membuat Milea tertawa dan juga merasa senang.\n\nSampai suatu ketika Dilan putus dengan Milea. Itu semua terjadi karena sebuah kesalah pahaman antara Dilan dengan Milea, yang disebabkan oleh kematian temannya yang bernama Akew. Milea mengira bahwa kematian Akew disebabkan oleh perselisihan antara geng motor. Milea marah kepada Dilan, karena Dilan juga merupakan anggota geng motor. Milea khawatir kalau Dilan juga akan mengalami hal yang sama seperti Akew. Milea menyuruh Dilan agar keluar dari geng motor, namun Dilan tetap saja tidak menghiraukannya. Milea marah kepada Dilan sampai tidak mau diajak bicara. Itulah yang telah menyebabkan Dilan putus dengan Milea. Setelah putus dengan Milea, Dilan merasa kesepian, dan benar-benar rindu pada Milea.\n\nSetelah lulus SMA, Dilan melanjutkan kuliahnya di salah satu Perguruan Tinggi Negri di Bandung. Sebulan setelah Bu Rini wafat, Dilan bertemu lagi dengan Milea di acara reuni SMA, dia datang dengan Mas Herdi. Dilan merasa senang bisa berkumpul lagi dengan teman-teman semasa SMA, karena sudah lama tidak bertemu.\n', 'img/books/milea.jpg', 1, NULL, '2019-07-09 16:18:07'),
(4, 1, 'Dear Nathan', 'Novel ini menceritakan tentang seorang gadis bernama Salma Alvira yang terlambat datang ke Sekolah barunya di hari pertama. Ia yang kebingungan di depan gerbang kemudian bertemu dengan seorang laki-laki yang mengenakan seragam putih abu-abu sama seperti dirinya. Kemudian lelaki itu membantunya menyelinap lewat samping. Hari itu Salma berhasil masuk berkat bantuan lelaki itu, lelaki yang belum sempat ia ketahui namanya.\n\n                Salma gadis kaku si kutu buku yang hidupnya selalu tertata penuh dengan planning untuk kedepannya. Berbanding terbalik dengan Nathan—lelaki yang membantu Salma di hari pertama masuk sekolah baru—ia si pembuat onar, biang kerok yang selalu menjadi buah bibir. Salma mengetahui nama lelaki itu pun dari gosip yang beredar tiap saaat di kantin Sekolahnya.\n\n                Salma yang begitu lugu nyatanya mmapu membuat Nathan jatuh hati. Nathan memang brengsek tetapi dia tahu betul bagaimana cara menghargai seorang perempuan. Ketulusan Nathan pun membuat Salma luluh begitu saja, meski Salma selalu diwanti-wanti oleh Afifah—sahabatnya sekaligus teman sekelas Nathan—agar jauh-jauh dari si pembuat onar itu.\n\n                Terlepas dari kisah cinta yang mewarnai kehidupan Nathan, masalah keluarga yang timbul sejak dulu pun tak kunjung terselesaikan. Nathan selalu terbuka kepada Salma sehingga ia mengetahui kerapuhan Nathan di masa lampau.', 'img/books/Dear Nathan.jpg', 1, NULL, '2019-07-09 16:18:22'),
(5, 1, 'Hello Salma', 'Novel Hello Salma ini merupakan lanjutan dari kisah asmara Nathan dan Salma. Nathan merupakan sosok laki-laki bad boy, tampan, kaya, dan idola di SMA Garuda, yang menyukai gadis bernama Salma. Berbeda dengan Nathan, Salma adalah sosok yang pendiam, pintar, dan aktif di organisasi. Hubungan mereka baik-baik saja sampai suatu hari terjadi sesuatu yang menyebabkan Salma dengan mudahnya memutuskan Nathan, dan karena kejadian itu pula Nathan juga dikeluarkan dari sekolahnya.\n\n                Dalam novel ini menceritakan kisah setelah Nathan dan salma mengakhiri hubungan mereka dan juga kehidupan Nathan di sekolah barunya, yang mana ia mengenal sosok Rebecca. Tokoh baru yang hadir. Sehingga dalam novel ini menjadikan pembaca lebih penasaran. Bagaimanakan kisah Nathan dan Salma selanjutnya? Apakah Nathan dan Salma akan kembali lagi menjalin hubungan? Pertanyaan-pertanyaan semacam itu akan senantiasa muncul di benak kita.', 'img/books/Hello Salma.jpg', 1, NULL, '2019-07-09 16:18:30'),
(6, 1, 'My Perfect Husband', 'Mengisahkan tentang kehidupan seorang laki-laki yang bernama Arsen dan seorang wanita bernama Ayla. Bermula dari pertemuannya di masa kecil dan berlanjut hingga mereka menikah dan memiliki banyak sekali tantangan yang harus mereka lewati.\n\n                Ayla, seorang wanita diambang drop out dari kuliah harus mengikhlaskan dirinya ketika terjadi perjodohan dengan Arsen. Ayla yang selalu bersikap kasar kepada Arsen bertekad dengan segala cara untuk membatalkan pernikahan mereka. Dengan kesabaran dan kebulatan tekad Arsen, akhirnya mereka menikah.\n                Dia yang mencintaiku, tetapi aku justru mengabaikannya\n\n                Tabiat Ayla yang keras dan kasar kepada Arsen membuat biduk pernikahan mereka terasa hambar. Hingga saat kesabaran Arsen sudah tak berbatas, Arsen pergi dan Aylapun depresi karena kepergiannya.\n\n                Problem rumah tangga dalam kisah sepasang suami istri ini terus menerus menggelayuti kehidupan mereka hingga terpaan dahsyat badai pernikahan mereka dapat mereka lalui.\n                ', 'img/books/My Perfect Husband.jpg', 1, NULL, '2019-07-09 16:18:41'),
(7, 1, 'My Perfect Sunset', 'Petemuan tak disengaja seorang Indah dengan Satria siapa sangka adalah awal yang membuat hidup Indah menjadi berantakan. Berbagai masalah mulai datang silih berganti kepadanya. Pekerjaannya yang sudah tak lagi membuatnya nyaman, perubahan dirinya yang tak bersikap seperti biasa, sampai hubungan asmaranya dengan sang kekasih bernama Kevin harus kandas dikarenakan perselingkuhan Kevin dengan wanita bernama Karina. Masa depan cerah yang telah direncanakan Indah untuk hidupnya seakan mengambang tak pasti. Ia mengalami titik hitam untuk jalan hidupnya. Lalu Satria hadir dan memaksanya untuk kembali meraih cahaya kehidupannya. Kehadiran Satria yang tiba-tiba mampu membuat Indah kembali pada hidupnya yang lebih baik dan tanpa sadar memberi posisi tersendiri bagi pria itu dihatinya.\n\n                Permasalahan Indah dengan Kevin tak berakhir begitu saja. Indah kembali harus menemukan titik hitam dihadapannya perihal perasaannya terhadap Kevin dan Satria, dua pria yang memiliki hatinya diposisi yang berbeda. Namun tak ada lagi Satria yang dapat membantunya untuk keluar dari permasalahan itu, karena perasaan Indah terhadap Satria lah yang membuatnya semakin terpojok oleh masalah.\n\n                Ada cinta, air mata, pengorbanan, perjuangan, serta kelicikan menjadi bumbu yang pas dalam permasalahan yang harus dihadapi oleh tokoh-tokoh dalam cerita ini. Saat satu masalah terselesaikan, ada senyum dan bahagia yang terbit, setelah itu akan ada masalah baru yang kembali muncul, mengharuskan kembali berjuang dan menguras air mata, seolah Kyria sangat senang memainkan kehidupan para tokoh-tokoh ceritanya.\n\n                Ketika permasalahan Indah bagai benang kusut yang tak mampu lagi diselesaikan, maka ada Tuhan yang memberi jalan untuk membawa semuanya keluar dari gerbang masalah itu. Yang benar akan menerima buah dari kesabarannya, sedangkan yang salah tetaplah menerima hukumannya. Satria tak pernah berharap bahwa Indah akan membalas perasaannya, namun Tuhan menginginkan itulah yang harus terjadi.\n\n                Semangat cinta Indah dan Satria yang hangat bagai kesempurnaan sunset yang indah. Namun Kyria belum menginginkan itu untuk kisah tokoh-tokohnya. Kembali ombak kehidupan menghempaskan segala hal yang sudah hampir sempurna, meluluhlantakkan segalanya, dan hanya menyisakan kesunyian. Membuat para tokoh harus menyimpan cinta mereka di hati masing-masing.\n                ', 'img/books/my perfect sunset.jpg', 1, NULL, '2019-07-09 16:19:04'),
(8, 1, 'The Perfect Love', 'Buku ini mengisahkan dua keluarga di mana kepala keluarganya adalah seorang pilot. Meskipun memiliki profesi yang sama, tetapi sikap mereka terhadap keluarga masing-masing.\n\n                Arsen dan Ayla keluarga yang sangat harmonis. Namun tidak ada yang sempurna, Ayla yang overprotektif harus bentrok dengan Nimas, anak perempuan mereka yang beranjak dewasa.\n\n                Awan dan Viana dengan anak tunggal mereka, Khanza, malah menghadapi hal yang lebih rumit lagi. Baik Awan dan Viana sama-sama sibuk bekerja, meninggalkan Khanza yang haus akan kasih sayang dari kedua orang tuanya. Situasi rumah tangga mereka diperkeruh karena meninggalnya anak laki-laki kedua mereka karena Viana lebih mementingkan pekerjaannya.\n\n                Nimas dan Khanza bersahabat sejak lama karena kedekatan orang tua mereka. Namun, masing-masing dari mereka memiliki masalah sendiri yang akhirnya menimbulkan jarak di antara mereka.\n\n                Aku gemes sama Nimas yang tingkahnya tengil dan selalu berantem sama mamanya. Dia belum mengerti bahwa apa yang dilakukan mamanya adalah untuk kebaikan. Ayla sendiri juga berlebihan melarang Nimas ini itu. Lain dengan Khanza yang pasrah dan menyimpan sendiri kesepiannya.\n\n                \"Kamu, Ayah, Mas Dio adalah laki-laki pendekar yang selalu setia menjaga Bunda. Jadi, ayo sama-sama kita bikin Bunda tersenyum.\" (hal 134)\n\n                Di tengah perdebatan antara Ayla dan Nimas, Arsen berusaha ada di kedua pihak, tidak ingin berat sebelah. Dia bahkan membuat Naufal juga ikut bisa menghibur Ayla dari kelakuan Nimas.\n\n                Namun, bukannya selesai, masalah malah bertambah. Nimas semakin berani melawan Ayla dan terus-menerus menyakiti Bundanya.\n\n                Lain halnya dengan Nimas, Khanza sendiri sedang dirudung masalah dalam keluarganya. Kelakuan Nimas malah tidak membantu sama sekali, cenderung memperburuk keadaan. Perpecahan di antara keduanya tidak terelakan.\n\n                Kondisi keluarga Khanza semakin kacau. Rahasia terbesar Awan, papa Khanza terungkap sudah oleh Viana. Viana mengambil langkah bijak untuk tidak memperpanjang masalah itu dengan Awan. Dan itu membuat Khanza kehilangan kesabarannya.\n\n                Sementara Nimas masih saja keras kepala dan tidak mau pulang ke rumah. Ayla sangat sedih dan sulit dibujuk oleh Arsen dan kedua anak lelakinya. Persahabatannya dengan Khanza pun tidak ada tanda-tanda membaik. Akan tetapi, Nimas membela Khanza waktu salah seorang temannya menyinggung Khanza.\n\n', 'img/books/the perfect love.jpg', 1, NULL, '2019-07-09 16:19:33'),
(9, 4, 'Sang Pemimpi', 'Novel ini adalah novel kedua dari tetralogi Laskar pelangi karya Andrea Hirata. Sang Pemimpi adalah sebuah kisah kehidupan yang mempesona yang akan membuat pembacanya percaya akan tenaga cinta, percaya pada kekuatan mimpi dan pengorbanan, selin itu juga memperkuat kepercayaan kepada Tuhan. Andrea berkelana menerobos sudut-sudut pemikiran di mana pembaca akan menemukan pandangan yang berbeda tentang nasib, tantangan intelektualitas, dan kegembiraan yang meluap-luap, sekaligus kesedihan yang mengharu biru. Selayaknya kenakalan remaja biasa, tetapi kemudian tanpa disadari kisah dan karakter-karakter dalam buku ini lambat laun menguasai, potret-potret kecil yang menawan akan menghentakkan pembaca pada rasa humor yang halus namun memiliki efek filosofis yang meresonansi.\n\n                Tiga orang pemimpi. Setelah tamat SMP, melanjutkan ke SMA Bukan Main, di sinilah perjuangan dan mimpi ketiga pemberani ini dimulai. Ikal salah satu dari anggota Laskar Pelangi dan Arai yang merupakan saudara sepupu Ikal yang sudah yatim piatu sejak SD dan tinggal di rumah Ikal, sudah dianggap seperti anak sendiri oleh Ayah dan Ibu Ikal, dan Jimbron, anak angkat seorang pendeta karena yatim piatu juga sejak kecil. Namun, pendeta yang sangat baik dan tidak memaksakan keyakinan Jimbron, malah mengantarkan Jimbron menjadi muslim yang taat.\n\n                Arai dan Ikal begitu pintar di sekolahnya, sedangkan Jimbron, si penggemar kuda ini biasa-biasa saja. Malah menduduki rangking 78 dari 160 siswa. Sedangkan Ikal dan Arai selalu menjadi lima dan tiga besar. Mimpi mereka sangat tinggi, karena bagi Arai, orang susah seperti mereka tidak akan berguna tanpa mimpi-mimpi. Mereka berdua mempunyai mimpi yang tinggi yaitu melanjutkan belajar ke Sorbonne Perancis. Mereka terpukau dengan cerita Pak Balia, kepala sekolahnya, yang selalu meyebut-nyebut indahnya kota itu. Kerja keras menjadi kuli ngambat mulai pukul dua pagi sampai jam tujuh dan dilanjutkan dengan sekolah, itulah perjuangan ketiga pemuda itu. Mati-matian menabung demi mewujudkan impiannya. Meskipun kalau dilogika, tabungan mereka tidak akan cukup untuk sampi ke sana. Tapi jiwa optimisme Arai tak terbantahkan.\n                ', 'img/books/sang pemimpi.jpg', 1, NULL, '2019-07-09 16:20:13'),
(10, 1, 'Serendipity', 'Setelah ayahnya meninggal dunia, Rani mengalami masa yang sulit. Ayahnya meninggalkan utang yang cukup besar yang membuat Rani harus membayarnya dengan menjadi seorang lady escort. Setelah mengetahui Rani jalan dengan pria lain, pacar Rani yang bernama Arkan memutuskan hubungan. Masalah bertambah setelah Lola menyebarkan foto-foto Rani yang sedang jalan dengan om-om. Sahabat dekatnya, Jean juga menjauh darinya. Hanya Gibran, murid baru di kelasnya yang mau menjadi sahabat dan sering membantunya. Gibran menyukai Rani, tapi Rani tidak bisa menerima cinta Gibran karena di hatinya masih ada Arkan.\n\n                Di dalam hati Arkan pun masih ada cinta untuk Rani. Namun masalah mereka menjadi lebih rumit karena ada yang tak terkatakan. Cinta bukanlah sekadar persoalan hitam putih, yang seringkali menjadi lebih rumit karena adanya ego. Ketulusan menjadi penting agar saling memahami isi hati satu sama lain.\n                ', 'img/books/serendipity.jpg', 1, NULL, '2019-07-09 16:20:28'),
(11, 4, 'Surat Kecil untuk Ayah', 'Dalam Surat Kecil untuk Ayah terdapat kisah-kisah tetang para ayah yang selalu meyisihkan waktu, bekerja keras seolah tanpa batas, dan\n\n                dipenuhi cinta untuk keluarga. Namun, Ayah juga tetap manusia yang  punya ceritanya sendiri. Dia mungkin tidak selalu tegap dan jalannya sesekali meragu.\n\n                Memang, ketegaran seorang ayah kadang membuat kita lupa, bahwa dia juga seorang manusia....\n                ', 'img/books/surat kecil untuk ayah.jpg', 1, NULL, '2019-07-09 16:20:35'),
(12, 4, 'Surat kecil untuk Tuhan', 'Novel ini menceritakan tentang perjuangan gadis remaja yang melawan kanker ganas, yakni Rabdomiosarkoma (kanker jaringan lunak ).\n\n                Dia adalah Gita Sesa Wanda Cantika, kita mengenalnya sebagai mantan artis cilik era 1998. Gadis kecil inilah yang menjadi tokoh utama dalam novel Surat Kecil Untuk Tuhan.\n\n                Dalam cerita ini sendiri Gita atau yang lebih dikenal dengan nama Keke divonis menderita kanker ganas dan diprediksi hidupnya tinggal lima hari lagi. Kanker jaringan lunak itu\n\n                menggerogoti bagian wajahnya sehingga terlihat buruk seperti monster. Walau dalam keadaan sulit, Keke terus berjuang untuk tetap bersekolah layaknya gadis remaja lainnya.', 'img/books/surat kecil untuk tuhan.jpg', 1, NULL, '2019-07-09 16:20:46'),
(13, 3, 'Jomblo Rapopo', 'Buku ini mengisahkan betapa menderitanya seorang jomblo. Parahnya lagi, jomblo yang satu ini sangat pesimis. Sulit baginya untuk mengembangkan diri.\n\n                Terlihat sekali buku ini ditujukan untuk kalangan remaja yang butuh hiburan untuk menertawakan penyakit ‘jomblo’, yang sebenarnya diderita oleh banyak remaja.\n\n                Cerita dalam buku ini juga menggunakan sudut pandang orang pertama ‘gue’ yang interaktif. Persepsi bahwa jomblo adalah makhluk hina memang sangat cocok dengan perilaku remaja masa kini yang penuh dengan percintaan dan kesetiakawanan.\n', 'img/books/jomblo rapopo.jpg', 1, NULL, '2019-07-09 16:20:59'),
(14, 5, 'Bukan Salah Hujan', 'Nadi –Nadila Adara Abraham memutuskan untuk kembali ke Yogyakarta setelah berkuliah dan bekerja di Ibukota. Ia menerima pekerjaan sebagai editor di sebuah penerbitan. Meskipun tidak tinggal di rumah setidaknya ia akan lebih dekat mengunjungi Pak Tua, lelaki tua yang membesarkannya. Di sebelah kantor Nadi, ada sebuah kios yang menjual hotdog. Kios itu dikelola oleh sepasang kekasih, Randu dan Rindu. Kios itu selalu ramai karena hotdog yang dijual berbeda dari yang lain, rasanya juga sangat enak. Sama seperti pelanggan lainnya, Nadi jatuh cinta sejak gigitan pertama.\n\n                Namun tiba-tiba semuanya berubah. Kios tiba-tiba tutup. Baik Randu, Rindu maupun Yoga, yang membantu melayani pembeli di kios itu benar-benar menghilang. Nadi seolah kehilangan nyawanya, tidak ada lagi hotdog terenak yang pernah ia makan, tidak ada lagi kios yang dianggap kantor keduanya. Setelah sekian lamanya, Nadi kembali bertemu dengan Randu. Laki-laki itu berubah, tidak seperti Randu yang dikenalnya dulu.. Berhasilkah Nadi membuat Randu kembali seperti dulu, kembali membuka kios, membuat hotdog dan menikmati hujan?\n                ', 'img/books/bukan salah hujan.jpg', 1, NULL, '2019-07-09 16:21:14'),
(15, 4, 'Bukan untuk dibaca', 'Alkisah ada seorang ibu bermata satu yang sangat dibenci anak kandungnya sendiri. Anak itu merasa sangat malu memiliki ibu yang sangat menakutkan itu.\n\n                Baginya ibunya sangat memalukan. Setiap hari ia mendapat cacian dari teman-teman sekolahnya. Dia merasa tertekan dan ingin segera keluar dari rumah dan tidak berhubungan\n\n                lagi dengan ibunya. Suatu kali ia membentak ibunya dengan suara amat keras “Kalau ingin membuatku jadi bahan tertawaan dan ejekan, kenapa tidak mati saja?!” ucapnya dengan sangat marah.\n                ', 'img/books/bukan untuk dibaca.jpg', 1, NULL, '2019-07-09 16:21:21'),
(16, 6, 'Kutukan Di Hari Ulang Tahun', 'Menceritakan sesosok gadis remaja yang tidak pernah merayakan hari ulang tahunnya dikarenakan hidupnya yang serba pas-pasan. Ayahnya hanya bekerja menjaga toko mainan, sedangkan ibunya hanya\n\n                sebagai tukang cuci di rumah orang-orang kaya. Hingga pada akhirnya datang sesosok pria tua yang terlahir dari negeri perbatasan cahaya dan kegelapan, yang tentunya akan merayakan hari ulang tahun gadis remaja ini\n\n                dengan syarat : harus meniup lilin yang tertancap di kue ulang tahun yang dibawanya dan setelah itu terjadi. Pria tua ini memberikan hadiah kepada gadis remaja itu. Yaitu hadiah: sebuah permintaan sebanyak (14) kali yang\n\n                tentunya setiap permintaan itu akan langsung terkabulkan. Namun ada sebuah perjanjian yang dilanggar oleh gadis remaja itu. Hingga pada akhirnya gadis remaja ini mendapatkan sebuah kutukan yang mengerikan.\n                ', 'img/books/kutukan di hari ulang tahun.jpg', 1, NULL, '2019-07-09 16:21:32'),
(17, 5, 'Harry Potter And The Cursed Child', 'Novel ini masih menceritakan Harry Potter, namun versi dewasanya. Harry kini menjadi pegawai kementerian sihir. Dia juga seorang suami, sekaligus\n\n                ayah dari tiga anak usia sekolah. Buku ini awalnya berupa naskah pementasan. Di mana saat dipentaskan di West End London pada musim panas 2016, drama ini mendapat sambutan baik.', 'img/books/harry potter and the cursed child.jpg', 1, NULL, '2019-07-09 16:21:38'),
(18, 2, 'Sherlock Hormes', 'novel ini menceritakan kisah-kisahnya dalam mengungkap kasus-kasus kejahatan. Juga ada cerita tentang kelihaian-kelihaiannya dalam melawan kejahatan musuh bebuyutannya, Profesor Moriarty.\n\n                Gaya berceritanya yang straight, detail, tidak bertele-tele dan cerdas, diceritakan dari sudut pandang orang pertama. Sir arthur Conan Doyle yang sangat bagus dan perfecto-numero uno dalam membangun ceritanya untuk\n\n                menggambarkan cerita dalam novelnya begitu hidup, begitu mengalir, detail-detailnya, kasus-kasus yang ditangani Holmes begitu unik dan menggelitik, deduksi dan fakta beradu dalam narasi, karakter-karakter aristokrat serta\n\n                penjahat kelas teri yang berdalih, di-mix jadi satu dan divisualisasikan. Sherlock Holmes adalah tokoh detektif rekaan yang terkenal, fenomenal dan legendaris. Dalam petualangan-petualangannya Sherlock Holmes selalu ditemani sama partner\n\n                sekaligus sahabat setianya, Dr. John H. Watson. Awal pertama kali mereka bertemu adalah saat Holmes tengah mencari teman sekamar untuk berbagi uang sewa menyewa sebuah kamar kos di Baker Street 221 B.\n                ', 'img/books/sherlock hormes.jpg', 1, NULL, '2019-07-09 16:21:51'),
(19, 5, 'Ha rry Potter and the S orcerer`s Ston e', 'Seumur hidup, Harry  Potter tidak pernah berurusan d engan sihir. Dia tinggal bersama keluarga Dursley  yang kejam dan Dudley, putra  mereka yang menyebalkan. Kamar Harry cuma lemari sempit di kolong ta ngga, dan selama sebelas tahun, ulang tahunnya tak pernah diray a kan. Namun, tiba-tiba datang burung hantu membawa surat mis terius, surat berisi undanga n ke tempat menakjubkan bernama Sekolah Sihir Hogwarts. Dan di sana bukan hanya ada banyak teman, pertandingan olahraga naik sapu terbang, dan sihir dalam segala hal—dari pelajara n sampai mak anan,\n                tapi juga ada takdir luar biasa yang sudah lama menantinya. Jika Harry mampu bertahan hidup.', 'img/books/harry potter and the sorcerer`s stone.jpg', 1, NULL, '2019-07-09 16:22:05'),
(20, 1, 'Hurt', 'Novel ini menceritakan menceritakan tentang keluarga seorang gadis yang bernama Nabila. Ia sekarang tinggal hanya dengan ibunya, karena ayahnya telah meninggal pada saat ia masih berusia satu tahun.\n\n                Ibunya bekerja sebagai wirausaha yang meneruskan usaha toko besi peninggalan ayahnya. Pada saat Nabila disekolah dan tiba-tiba ia melihat seorang pria yang ada pada mimpinya. Nabila pun jatuh cinta pada pandangan pertama.\n\n                Saat ia sedang melamunkan pria itu, ia pun di kagetkan kadatangan sahabatnya yang bernama nico yang kerap dipanggil bule. Nabila menceritakan bertemu dan berkenalan dengan seseorang yang disukainya saat ia sedang makan di kantin bersama Nico. Nama pria itu adalah Malik.\n                ', 'img/books/Hurt.jpg', 1, NULL, '2019-07-09 16:22:16'),
(21, 6, 'Teror di Radio', ' Mengisahkan dengan lembut namun kejam sesosok anak muda bernama Donal yang sangat menyayangi ibunya. Donal selalu mau bila disuruh oleh ibunya untuk pergi ke warung, untuk berbelanja kebutuhan dapur. Anak muda ini sebenarnya sangat baik dan begitu menyayangi ibunya.\n\n                Tetapi ada yang salah dengan jalan pikiran Donal setelah dirinya berbicara dengan penyiar radio lewat radio peninggalan ayahnya yang sudah lama menghilang dan tak ada kabar lagi semenjak dua puluh tahun yang lalu. Selesai berbicara dengan penyiar radio misterius tersebut! Donal selalu membunuh\n\n                orang-orang yang sebelumnya pernah melukai hatinya maupun menyakiti perasaan ibunya. Hingga Donal terus meneror dan membunuh setiap orang-orang yang menyakiti hatinya. Kejadian mengerikan itu selalu dilakukan olehnya setelah berbicara dengan sosok penyiar radio yang misterius tersebut.\n                ', 'img/books/teror di radio.jpg', 1, NULL, '2019-07-09 16:22:30'),
(22, 5, 'Crazy Rich Asians', 'Novel ini merupakan salah satu dari trilogi novel populer karya Kevin Kwan, penulis asal Singapura. Novel ini bercerita tentang kehidupan kaum jetset keturunan Tionghoa di Singapura dengan segala lika-likunya.\n                ', 'img/books/crazy rich asians.jpg', 1, NULL, '2019-07-09 16:22:34'),
(23, 5, 'China Rich Girlfriend', ' Cerita di Crazy Rich Asians bergulir pada sebuah pernikahan mewah. Di buku kedua ini, bercerita tentang pernikahan mewah Rachel Chu. Rachel memakai cincin bermata berlian Asscher-cut.\n\n                Ia juga memakai gaun yang disukainya. Namun kesedihan dirasakannya saat mengingat sosok ayah kandung yang tak bisa menemaninya ke altar pernikahan. Rachel kemudian terseret ke dalam dunia gemerlap Shanghai yang berisi kemewahan tak terbayangkan.\n\n                Secara mendadak, sosok pria itu muncul dengan identitas yang tak diduga-duga.\n                ', 'img/books/china rich girlfriend.jpg', 1, NULL, '2019-07-09 16:22:46'),
(24, 1, 'Me and My Broken Heart ', 'Me and My Broken Heart adalah novel terbaru karya Wulanfadi yang sebelumnya sudah menerbitkan novel best seller, Matt & Mou. Bercerita tentang Luna dan Mika, kedua remaja yang menimba ilmu di sekolah yang sama. Keduanya sama-sama pernah patah hati.\n\n                Bahkan Luna sendiri masih setengah berharap untuk bisa balikan dengan mantannya. Namun, Luna dan Mika yang awalnya hanya menjadi teman berbagi cerita, tanpa disadari mulai saling memendam rasa di hati.\n                ', 'img/books/me and my broken heart.jpg', 1, NULL, '2019-07-09 16:22:56'),
(25, 1, 'Memories TO Forget', 'Novel ini menceritakan tentang kisah Satria dan Lara. Keterpaksaan satria untuk meninggalkan Lara ke tempat yang jauh memang sebuah keputusan yang sangat berat.\n\n                Begitu juga dengan Lara yang menyadari betapa besarnya rasa sayangnya kepada Satria setelah kepergiannya. Pada cerita ini, pembaca akan dibuat gelisah dengan konten permasalahan masa lalu dan kenangan indah yang tetap menjadi relik di antara Satria dan Lara.\n                ', 'img/books/memories to forget.jpg', 1, NULL, '2019-07-09 16:23:04'),
(26, 1, 'The Choice We Make', 'Novel ini bercerita tentang kisah persahabatan Kate dan Hannah dari kecil bahkan sampai menikah. Kate memiliki keluarga kecil dengan dua anak.\n\n                Sedangkan, Hannah hampir putus harapan untuk memiliki anak. Kate pun bersedia menjalani surogasi. Namun, suatu ketika Kate mengalami aneurisme yang bisa mengancam hidup Kate dan calon bayi Hannah.\n\n                ', 'img/books/the choice we make.jpg', 1, NULL, '2019-07-09 16:23:12'),
(27, 6, 'Anna Dressed in Blood ', 'Anna Korlov, yang muncul dalam sampul muka buku ini, adalah sesosok hantu ganas pembunuh siapa pun yang menjejakkan kaki ke dalam rumahnya.\n\n                Cas, seorang pemuda pemburu hantu, bertekad untuk mengenyahkan keberadaan Anna. Namun ternyata Cas menemukan suatu kutukan penyebab sosok Anna menjadi beringas, dan mereka berdua pun bekerja sama untuk memusnahkan kutukan tersebut.\n\n                Dengan tokoh utama seorang pemuda belasan tahun, Anna Dressed in Blood memang ditujukan untuk para pembaca remaja dan dewasa muda. Ada romansa di dalamnya, meskipun tidak terlalu kental.\n                ', 'img/books/anna dressed in blood.jpg', 1, NULL, '2019-07-09 16:23:27'),
(28, 6, 'A Head Full Ghost', ' Merry tidak percaya pada orang-orang dewasa yang mengatakan bahwa kakaknya, Marjorie, kerasukan. Ya, Marjorie memang melakukan hal-hal aneh. Mengisahkan cerita-cerita horor, masuk ke kamar Merry diam-diam, mengeluarkan suara-suara mengerikan dan\n\n                ada luka-luka misterius di tubuh Marjorie yang tak bisa dijelaskan. Ayah mereka yakin ada iblis jahat di dalam tubuh Marjorie. Namun, Marjorie bilang, ayah merekalah yang jahat. Paul Tremblay adalah nama yang cukup terkenal di kalangan para pencinta novel horor.\n\n                Dia terkenal suka membuat kisah yang mempermainkan emosi para pembaca, dan akhir cerita yang terbuka, sehingga pembaca diajak untuk membuat kesimpulan sendiri.\n                ', 'img/books/a head full ghost.jpg', 1, NULL, '2019-07-09 16:23:41'),
(29, 6, 'Melody Of The Darkness', 'Gabriella Hudson adalah seorang gadis biasa yang bekerja sebagai sekretaris di salah satu perusahaan multisektor Washington. Tapi, dibalik semua hal normal dalam diri Gabby, gadis itu memiliki rahasia besar yang bahkan tidak diketahuinya.\n\n                Apalagi Gabby memiliki seorang tunangan yang benar-benar tidak biasa dan mengetahui hal paling gelap dalam diri Gabby. Suatu malam saat dia menghadiri sebuah acara amal menggantikan atasannya, Gabby mengalami malam paling memalukan dalam hidupnya. Pingsan di hadapan para tamu undangan.\n\n                Bukannya terbangun di rumah sakit atau rumahnya sendiri, Gabby malah mendapati dirinya terbangun di ranjang bersama seorang pria tampan berambut pirang. Dan hal pertama yang seharusnya dilakukan Gabby setelah tahu siapa pria itu adalah melarikan diri. Kris, sang nosferatu, bertugas mempertahankan kedamaian antara\n\n                berbagai ras iblis dan makhluk non manusia lainnya. Awalnya dia sengaja mendekati Gabby dan bermaksud untuk menggunakan Gabby sebagai alat negosiasi dengan salah satu ras iblis pemberontak. Tapi setelah menghabiskan sehari bersama Gabby Kris menyadari kalau menyerahkan gadis itu adalah hal yang tidak akan pernah dia lakukan.\n\n                Kris menginginkan Gabby untuk dirinya sendiri. Di lain pihak, Gabby merasakan kalau dirinya nyaman dengan keberadaan dan perhatian Kris, tidak seperti saat dia bersama tunangannya. Gabby membuat Kris mampu merasakan emosi, yang menjadi berkah sekaligus kutukan bagi sang vampir.\n                ', 'img/books/melody of the darkness.jpg', 1, NULL, '2019-07-09 16:24:06'),
(30, 3, 'Marmut Merah Jambu', 'Novel ini menceritakan kisah cinta mulai dari cinta diam-diam, indahnya PDKT, sampai ditolak mentah-mentah. Buku ini keseluruhan sangat menarik dibaca karena sesuai dengan kehidupan sehari-hari seperti cinta diam-diam karena takut mengungkapkan isi hatinya.\n\n                Keahlian Radit dalam mengolah kata dan sebagian curahan dari teman-temannya menjadi salah satu isi dalam buku ini bahkan mulai dari perhatian orang tuanya, adiknya(Edgar), bahkan sampai kucing peliharaan keluarganya yang dibuat tokoh utama disalah satu bab dimana sang kucing dimanusiakan.\n                ', 'img/books/marmut merah jambu.jpg', 1, NULL, '2019-07-09 16:24:18');

-- --------------------------------------------------------

--
-- Table structure for table `books_category`
--

CREATE TABLE `books_category` (
  `id` bigint(20) UNSIGNED NOT NULL,
  `name` varchar(191) COLLATE utf8mb4_unicode_ci NOT NULL
) ENGINE=InnoDB DEFAULT CHARSET=utf8mb4 COLLATE=utf8mb4_unicode_ci;

--
-- Dumping data for table `books_category`
--

INSERT INTO `books_category` (`id`, `name`) VALUES
(1, 'Romantis'),
(2, 'Misteri'),
(3, 'Komedi'),
(4, 'Non Fiksi'),
(5, 'Fiksi'),
(6, 'Horror');

-- --------------------------------------------------------

--
-- Table structure for table `detail_indexes`
--

CREATE TABLE `detail_indexes` (
  `id` bigint(20) UNSIGNED NOT NULL,
  `books_id` bigint(20) UNSIGNED NOT NULL,
  `inverted_books_id` bigint(20) UNSIGNED NOT NULL,
  `freq` int(11) NOT NULL DEFAULT '0',
  `weight` double DEFAULT NULL
) ENGINE=InnoDB DEFAULT CHARSET=utf8mb4 COLLATE=utf8mb4_unicode_ci;

--
-- Dumping data for table `detail_indexes`
--

INSERT INTO `detail_indexes` (`id`, `books_id`, `inverted_books_id`, `freq`, `weight`) VALUES
(1, 1, 1, 18, 18),
(2, 1, 2, 1, 1.1760912590556813),
(3, 1, 3, 1, 0.3010299956639812),
(4, 1, 4, 1, 0.17609125905568124),
(5, 1, 5, 3, 1.3071857086843122),
(6, 1, 6, 1, 0.27300127206373764),
(7, 1, 7, 4, 0.6196078399429727),
(8, 1, 8, 1, 1),
(9, 1, 9, 4, 1.5917600346881504),
(10, 1, 10, 24, 24),
(11, 1, 11, 1, 0.7781512503836436),
(12, 1, 12, 1, 1.1760912590556813),
(13, 1, 13, 2, 1.3979400086720377),
(14, 1, 14, 1, 1.4771212547196624),
(15, 1, 15, 4, 4.704365036222725),
(16, 1, 16, 2, 1.7501225267834002),
(17, 1, 17, 1, 1),
(18, 1, 18, 3, 1.3071857086843122),
(19, 1, 19, 1, 1.1760912590556813),
(20, 1, 20, 2, 2),
(21, 1, 21, 6, 2.8627275283179747),
(22, 1, 22, 5, 3.494850021680094),
(23, 1, 23, 1, 0.3979400086720376),
(24, 1, 24, 1, 1.1760912590556813),
(25, 1, 25, 2, 1.2640464294108111),
(26, 1, 26, 2, 2.9542425094393248),
(27, 1, 27, 2, 1.7501225267834002),
(28, 1, 28, 1, 0.5740312677277188),
(29, 1, 29, 5, 2.1786428478071866),
(30, 1, 30, 1, 1.4771212547196624),
(31, 1, 31, 5, 2.614393726401688),
(32, 1, 32, 1, 1.4771212547196624),
(33, 1, 33, 1, 0.6989700043360189),
(34, 1, 34, 4, 5.9084850188786495),
(35, 1, 35, 1, 1.4771212547196624),
(36, 1, 36, 1, 1.4771212547196624),
(37, 1, 37, 2, 0.9542425094393249),
(38, 1, 38, 1, 0.47712125471966244),
(39, 1, 39, 1, 1.4771212547196624),
(40, 1, 40, 1, 0.43572856956143735),
(41, 1, 41, 2, 0.6020599913279624),
(42, 1, 42, 2, 2),
(43, 1, 43, 1, 1.4771212547196624),
(44, 1, 44, 1, 1.1760912590556813),
(45, 1, 45, 3, 2.3344537511509307),
(46, 1, 46, 2, 1.5563025007672873),
(47, 1, 47, 1, 0.6320232147054056),
(48, 1, 48, 1, 1.1760912590556813),
(49, 1, 49, 1, 0.8750612633917001),
(50, 1, 50, 1, 1),
(51, 1, 51, 1, 1.4771212547196624),
(52, 1, 52, 1, 1.4771212547196624),
(53, 1, 53, 4, 4),
(54, 1, 54, 1, 1.1760912590556813),
(55, 1, 55, 5, 4.3753063169585005),
(56, 1, 56, 2, 0.7263558048256512),
(57, 1, 57, 1, 1.4771212547196624),
(58, 1, 58, 1, 1.4771212547196624),
(59, 1, 59, 2, 2.3521825181113627),
(60, 1, 60, 1, 0.6989700043360189),
(61, 1, 61, 3, 3.528273777167044),
(62, 1, 62, 1, 1.4771212547196624),
(63, 1, 63, 1, 1.4771212547196624),
(64, 1, 64, 1, 1.4771212547196624),
(65, 1, 65, 1, 1.1760912590556813),
(66, 1, 66, 1, 1),
(67, 1, 67, 1, 0.8750612633917001),
(68, 1, 68, 1, 1),
(69, 1, 69, 1, 1),
(70, 1, 70, 3, 2.6251837901751003),
(71, 1, 71, 7, 10.339848783037636),
(72, 1, 72, 1, 0.47712125471966244),
(73, 1, 73, 1, 0.6989700043360189),
(74, 1, 74, 1, 1),
(75, 1, 75, 1, 1),
(76, 1, 76, 1, 1.1760912590556813),
(77, 1, 77, 1, 1.1760912590556813),
(78, 1, 78, 1, 0.43572856956143735),
(79, 1, 79, 1, 0.6989700043360189),
(80, 1, 80, 1, 0.6989700043360189),
(81, 1, 81, 1, 0.8750612633917001),
(82, 1, 82, 1, 1),
(83, 1, 83, 1, 1.4771212547196624),
(84, 1, 84, 2, 2.3521825181113627),
(85, 1, 85, 1, 1.4771212547196624),
(86, 1, 86, 1, 0.6989700043360189),
(87, 1, 87, 1, 1.4771212547196624),
(88, 1, 88, 1, 0.8750612633917001),
(89, 1, 89, 1, 1.1760912590556813),
(90, 1, 90, 1, 1.4771212547196624),
(91, 1, 91, 1, 0.7781512503836436),
(92, 1, 92, 1, 0.7781512503836436),
(93, 1, 93, 1, 1),
(94, 1, 94, 1, 0.5740312677277188),
(95, 1, 95, 3, 3),
(96, 1, 96, 1, 1.4771212547196624),
(97, 1, 97, 4, 5.9084850188786495),
(98, 1, 98, 1, 1.4771212547196624),
(99, 1, 99, 1, 1.4771212547196624),
(100, 1, 100, 1, 1.4771212547196624),
(101, 1, 101, 1, 1.4771212547196624),
(102, 1, 102, 1, 1),
(103, 1, 103, 1, 1.4771212547196624),
(104, 1, 104, 1, 1.1760912590556813),
(105, 1, 105, 1, 1.4771212547196624),
(106, 1, 106, 1, 0.7781512503836436),
(107, 1, 107, 2, 1.5563025007672873),
(108, 1, 108, 4, 0.6196078399429727),
(109, 1, 109, 1, 1.4771212547196624),
(110, 1, 110, 1, 0.6320232147054056),
(111, 1, 111, 1, 1.4771212547196624),
(112, 1, 112, 1, 1.4771212547196624),
(113, 1, 113, 1, 0.7781512503836436),
(114, 1, 114, 1, 1),
(115, 1, 115, 1, 1.4771212547196624),
(116, 1, 116, 1, 1.4771212547196624),
(117, 1, 117, 2, 2.9542425094393248),
(118, 1, 118, 1, 1.1760912590556813),
(119, 1, 119, 2, 1.7501225267834002),
(120, 1, 120, 1, 0.6989700043360189),
(121, 1, 121, 1, 1.1760912590556813),
(122, 1, 122, 4, 4.704365036222725),
(123, 1, 123, 1, 1),
(124, 1, 124, 1, 1.1760912590556813),
(125, 1, 125, 1, 1.4771212547196624),
(126, 1, 126, 1, 1.4771212547196624),
(127, 1, 127, 2, 2.9542425094393248),
(128, 1, 128, 1, 1.1760912590556813),
(129, 1, 129, 2, 2.9542425094393248),
(130, 1, 130, 1, 1.1760912590556813),
(131, 1, 131, 1, 1.4771212547196624),
(132, 1, 132, 1, 0.5228787452803376),
(133, 1, 133, 1, 1),
(134, 1, 134, 1, 0.6320232147054056),
(135, 1, 135, 1, 1.1760912590556813),
(136, 1, 136, 2, 1.3979400086720377),
(137, 1, 137, 2, 1.0457574905606752),
(138, 1, 138, 1, 1.4771212547196624),
(139, 1, 139, 2, 2),
(140, 1, 140, 2, 0.7263558048256512),
(141, 1, 141, 1, 1.1760912590556813),
(142, 1, 142, 2, 1.7501225267834002),
(143, 1, 143, 1, 1),
(144, 1, 144, 1, 0.8750612633917001),
(145, 1, 145, 1, 0.7781512503836436),
(146, 1, 146, 1, 1.4771212547196624),
(147, 1, 147, 1, 0.7781512503836436),
(148, 1, 148, 1, 1.1760912590556813),
(149, 1, 149, 1, 1.1760912590556813),
(150, 1, 150, 1, 1.4771212547196624),
(151, 1, 151, 1, 1.1760912590556813),
(152, 1, 152, 1, 1),
(153, 1, 153, 1, 1.1760912590556813),
(154, 1, 154, 1, 1.4771212547196624),
(155, 1, 155, 1, 1.4771212547196624),
(156, 1, 156, 3, 2.0969100130080567),
(157, 1, 157, 1, 1.4771212547196624),
(158, 1, 158, 1, 1.1760912590556813),
(159, 2, 1, 22, 22),
(160, 2, 159, 2, 2.9542425094393248),
(161, 2, 56, 5, 1.815889512064128),
(162, 2, 160, 1, 0.6320232147054056),
(163, 2, 161, 2, 1.2640464294108111),
(164, 2, 78, 4, 1.7429142782457494),
(165, 2, 162, 1, 1.1760912590556813),
(166, 2, 163, 1, 0.6989700043360189),
(167, 2, 94, 2, 1.1480625354554377),
(168, 2, 134, 1, 0.6320232147054056),
(169, 2, 164, 1, 0.6989700043360189),
(170, 2, 165, 1, 1),
(171, 2, 166, 1, 1.4771212547196624),
(172, 2, 167, 2, 1.2640464294108111),
(173, 2, 145, 1, 0.7781512503836436),
(174, 2, 168, 1, 1.4771212547196624),
(175, 2, 46, 2, 1.5563025007672873),
(176, 2, 169, 1, 1.1760912590556813),
(177, 2, 132, 1, 0.5228787452803376),
(178, 2, 60, 1, 0.6989700043360189),
(179, 2, 10, 15, 15),
(180, 2, 170, 2, 2.3521825181113627),
(181, 2, 171, 2, 2.3521825181113627),
(182, 2, 172, 1, 1.1760912590556813),
(183, 2, 6, 1, 0.27300127206373764),
(184, 2, 173, 1, 0.8750612633917001),
(185, 2, 140, 2, 0.7263558048256512),
(186, 2, 174, 1, 1.1760912590556813),
(187, 2, 137, 1, 0.5228787452803376),
(188, 2, 175, 1, 1.4771212547196624),
(189, 2, 176, 1, 0.8750612633917001),
(190, 2, 177, 1, 1.4771212547196624),
(191, 2, 178, 1, 1),
(192, 2, 179, 1, 1.1760912590556813),
(193, 2, 180, 1, 1.1760912590556813),
(194, 2, 181, 1, 1.1760912590556813),
(195, 2, 70, 5, 4.3753063169585005),
(196, 2, 182, 1, 0.8750612633917001),
(197, 2, 183, 1, 1.4771212547196624),
(198, 2, 184, 1, 1.1760912590556813),
(199, 2, 49, 1, 0.8750612633917001),
(200, 2, 185, 1, 0.5228787452803376),
(201, 2, 186, 1, 1.4771212547196624),
(202, 2, 187, 1, 1),
(203, 2, 188, 2, 2.9542425094393248),
(204, 2, 40, 1, 0.43572856956143735),
(205, 2, 189, 1, 1),
(206, 2, 190, 1, 1.4771212547196624),
(207, 2, 55, 5, 4.3753063169585005),
(208, 2, 38, 5, 2.385606273598312),
(209, 2, 191, 1, 0.6320232147054056),
(210, 2, 192, 1, 1),
(211, 2, 24, 1, 1.1760912590556813),
(212, 2, 193, 1, 1.1760912590556813),
(213, 2, 59, 1, 1.1760912590556813),
(214, 2, 194, 1, 1.1760912590556813),
(215, 2, 29, 1, 0.43572856956143735),
(216, 2, 7, 1, 0.1549019599857432),
(217, 2, 195, 2, 2),
(218, 2, 196, 3, 4.431363764158987),
(219, 2, 197, 1, 1.4771212547196624),
(220, 2, 198, 1, 0.5740312677277188),
(221, 2, 199, 1, 1.1760912590556813),
(222, 2, 200, 2, 2.9542425094393248),
(223, 2, 69, 1, 1),
(224, 2, 201, 2, 1.1480625354554377),
(225, 2, 108, 2, 0.3098039199714864),
(226, 2, 202, 3, 4.431363764158987),
(227, 2, 203, 2, 2.3521825181113627),
(228, 2, 204, 1, 1),
(229, 2, 205, 1, 1.4771212547196624),
(230, 2, 37, 1, 0.47712125471966244),
(231, 2, 206, 2, 2.3521825181113627),
(232, 2, 207, 3, 4.431363764158987),
(233, 2, 18, 4, 1.7429142782457494),
(234, 2, 208, 3, 2.6251837901751003),
(235, 2, 209, 1, 0.7781512503836436),
(236, 2, 210, 1, 1.4771212547196624),
(237, 2, 211, 1, 0.8750612633917001),
(238, 2, 212, 1, 1.4771212547196624),
(239, 2, 133, 1, 1),
(240, 2, 213, 1, 1.1760912590556813),
(241, 2, 214, 2, 2.9542425094393248),
(242, 2, 151, 1, 1.1760912590556813),
(243, 2, 113, 2, 1.5563025007672873),
(244, 2, 86, 2, 1.3979400086720377),
(245, 2, 215, 1, 1.4771212547196624),
(246, 2, 216, 1, 1.4771212547196624),
(247, 2, 217, 1, 1.4771212547196624),
(248, 2, 45, 1, 0.7781512503836436),
(249, 2, 218, 1, 1.1760912590556813),
(250, 2, 219, 1, 0.6989700043360189),
(251, 2, 220, 1, 1.4771212547196624),
(252, 2, 221, 1, 1.4771212547196624),
(253, 2, 222, 1, 1.4771212547196624),
(254, 2, 223, 1, 0.6320232147054056),
(255, 2, 68, 1, 1),
(256, 2, 224, 1, 1.1760912590556813),
(257, 2, 225, 1, 1.4771212547196624),
(258, 2, 53, 3, 3),
(259, 2, 226, 1, 1.4771212547196624),
(260, 2, 227, 1, 1.1760912590556813),
(261, 2, 228, 1, 1.4771212547196624),
(262, 2, 229, 1, 0.6320232147054056),
(263, 2, 230, 1, 1.1760912590556813),
(264, 2, 231, 1, 1.4771212547196624),
(265, 2, 232, 1, 1.4771212547196624),
(266, 2, 233, 1, 1.4771212547196624),
(267, 2, 234, 1, 1.4771212547196624),
(268, 2, 235, 1, 0.6320232147054056),
(269, 2, 236, 1, 1.1760912590556813),
(270, 2, 237, 1, 1.4771212547196624),
(271, 2, 238, 1, 1.1760912590556813),
(272, 2, 239, 1, 1.4771212547196624),
(273, 2, 240, 1, 1.1760912590556813),
(274, 2, 241, 1, 0.3979400086720376),
(275, 2, 242, 1, 1),
(276, 2, 243, 1, 0.8750612633917001),
(277, 2, 244, 1, 1.4771212547196624),
(278, 2, 144, 1, 0.8750612633917001),
(279, 2, 245, 1, 1.4771212547196624),
(280, 2, 246, 1, 1.4771212547196624),
(281, 2, 247, 1, 1.1760912590556813),
(282, 2, 248, 1, 0.5740312677277188),
(283, 2, 249, 1, 1),
(284, 2, 250, 1, 1.4771212547196624),
(285, 2, 251, 2, 2.9542425094393248),
(286, 2, 66, 1, 1),
(287, 2, 149, 1, 1.1760912590556813),
(288, 2, 252, 1, 1.4771212547196624),
(289, 2, 253, 1, 1),
(290, 2, 254, 1, 1.4771212547196624),
(291, 2, 255, 1, 1.4771212547196624),
(292, 2, 256, 2, 2.9542425094393248),
(293, 2, 257, 1, 0.8750612633917001),
(294, 2, 258, 1, 1.1760912590556813),
(295, 2, 259, 1, 1.4771212547196624),
(296, 2, 260, 1, 1.4771212547196624),
(297, 3, 10, 20, 20),
(298, 3, 3, 1, 0.3010299956639812),
(299, 3, 4, 1, 0.17609125905568124),
(300, 3, 261, 1, 0.6989700043360189),
(301, 3, 262, 1, 1.4771212547196624),
(302, 3, 1, 25, 25),
(303, 3, 113, 3, 2.3344537511509307),
(304, 3, 263, 2, 1.3979400086720377),
(305, 3, 264, 1, 1.4771212547196624),
(306, 3, 265, 1, 1.1760912590556813),
(307, 3, 266, 1, 1.4771212547196624),
(308, 3, 94, 2, 1.1480625354554377),
(309, 3, 267, 3, 1.7220938031831565),
(310, 3, 108, 2, 0.3098039199714864),
(311, 3, 268, 1, 1.4771212547196624),
(312, 3, 169, 1, 1.1760912590556813),
(313, 3, 269, 1, 1.1760912590556813),
(314, 3, 9, 5, 1.989700043360188),
(315, 3, 270, 2, 2.9542425094393248),
(316, 3, 271, 1, 1.4771212547196624),
(317, 3, 272, 1, 1.4771212547196624),
(318, 3, 273, 1, 1.4771212547196624),
(319, 3, 74, 1, 1),
(320, 3, 274, 1, 1.4771212547196624),
(321, 3, 40, 2, 0.8714571391228747),
(322, 3, 81, 1, 0.8750612633917001),
(323, 3, 275, 1, 1),
(324, 3, 276, 2, 1.2640464294108111),
(325, 3, 191, 2, 1.2640464294108111),
(326, 3, 187, 1, 1),
(327, 3, 174, 3, 3.528273777167044),
(328, 3, 277, 4, 4),
(329, 3, 18, 1, 0.43572856956143735),
(330, 3, 50, 2, 2),
(331, 3, 230, 4, 4.704365036222725),
(332, 3, 49, 1, 0.8750612633917001),
(333, 3, 278, 2, 2.9542425094393248),
(334, 3, 178, 4, 4),
(335, 3, 279, 1, 1.4771212547196624),
(336, 3, 280, 1, 1.4771212547196624),
(337, 3, 281, 1, 1),
(338, 3, 79, 1, 0.6989700043360189),
(339, 3, 282, 2, 2.9542425094393248),
(340, 3, 21, 5, 2.385606273598312),
(341, 3, 283, 4, 5.9084850188786495),
(342, 3, 284, 1, 1.4771212547196624),
(343, 3, 203, 1, 1.1760912590556813),
(344, 3, 285, 1, 1.4771212547196624),
(345, 3, 286, 1, 1.4771212547196624),
(346, 3, 287, 1, 0.7781512503836436),
(347, 3, 82, 1, 1),
(348, 3, 179, 3, 3.528273777167044),
(349, 3, 180, 3, 3.528273777167044),
(350, 3, 140, 2, 0.7263558048256512),
(351, 3, 68, 1, 1),
(352, 3, 7, 1, 0.1549019599857432),
(353, 3, 288, 1, 0.6320232147054056),
(354, 3, 54, 1, 1.1760912590556813),
(355, 3, 253, 1, 1),
(356, 3, 15, 1, 1.1760912590556813),
(357, 3, 25, 1, 0.6320232147054056),
(358, 3, 158, 1, 1.1760912590556813),
(359, 3, 289, 3, 2.3344537511509307),
(360, 3, 73, 2, 1.3979400086720377),
(361, 3, 290, 1, 1.1760912590556813),
(362, 3, 291, 1, 1.4771212547196624),
(363, 3, 292, 1, 1),
(364, 3, 293, 1, 1.1760912590556813),
(365, 3, 294, 1, 1.4771212547196624),
(366, 3, 295, 2, 1.5563025007672873),
(367, 3, 296, 1, 1.4771212547196624),
(368, 3, 137, 1, 0.5228787452803376),
(369, 3, 136, 2, 1.3979400086720377),
(370, 3, 297, 1, 1.4771212547196624),
(371, 3, 298, 1, 1.4771212547196624),
(372, 3, 299, 1, 1.4771212547196624),
(373, 3, 2, 1, 1.1760912590556813),
(374, 3, 19, 2, 2.3521825181113627),
(375, 3, 300, 1, 1.4771212547196624),
(376, 3, 181, 1, 1.1760912590556813),
(377, 3, 70, 3, 2.6251837901751003),
(378, 3, 170, 1, 1.1760912590556813),
(379, 3, 171, 1, 1.1760912590556813),
(380, 3, 46, 1, 0.7781512503836436),
(381, 3, 301, 1, 1.4771212547196624),
(382, 3, 102, 1, 1),
(383, 3, 302, 1, 1.4771212547196624),
(384, 3, 303, 1, 1.4771212547196624),
(385, 3, 304, 1, 1.1760912590556813),
(386, 3, 305, 1, 1.1760912590556813),
(387, 3, 28, 1, 0.5740312677277188),
(388, 3, 306, 1, 1),
(389, 3, 211, 1, 0.8750612633917001),
(390, 3, 307, 1, 1.1760912590556813),
(391, 3, 308, 1, 1.4771212547196624),
(392, 3, 309, 1, 1),
(393, 3, 38, 5, 2.385606273598312),
(394, 3, 310, 2, 1.7501225267834002),
(395, 3, 241, 2, 0.7958800173440752),
(396, 3, 311, 1, 0.8750612633917001),
(397, 3, 312, 1, 1.4771212547196624),
(398, 3, 248, 1, 0.5740312677277188),
(399, 3, 313, 1, 1.4771212547196624),
(400, 3, 314, 1, 0.8750612633917001),
(401, 3, 315, 1, 1.4771212547196624),
(402, 3, 316, 1, 1),
(403, 3, 31, 1, 0.5228787452803376),
(404, 3, 77, 1, 1.1760912590556813),
(405, 3, 41, 2, 0.6020599913279624),
(406, 3, 317, 1, 1.4771212547196624),
(407, 3, 318, 1, 0.7781512503836436),
(408, 3, 319, 1, 1.4771212547196624),
(409, 3, 320, 1, 1),
(410, 3, 42, 2, 2),
(411, 3, 321, 1, 1.4771212547196624),
(412, 3, 47, 1, 0.6320232147054056),
(413, 3, 223, 3, 1.8960696441162166),
(414, 3, 106, 1, 0.7781512503836436),
(415, 3, 5, 1, 0.43572856956143735),
(416, 3, 322, 2, 1.0457574905606752),
(417, 3, 323, 1, 1.1760912590556813),
(418, 3, 324, 3, 3),
(419, 3, 325, 2, 2),
(420, 3, 326, 1, 1.4771212547196624),
(421, 3, 327, 1, 1.4771212547196624),
(422, 3, 328, 3, 4.431363764158987),
(423, 3, 144, 2, 1.7501225267834002),
(424, 3, 11, 1, 0.7781512503836436),
(425, 3, 329, 1, 1.1760912590556813),
(426, 3, 330, 1, 1.4771212547196624),
(427, 3, 209, 1, 0.7781512503836436),
(428, 3, 331, 1, 0.7781512503836436),
(429, 3, 332, 1, 1.1760912590556813),
(430, 3, 333, 1, 0.7781512503836436),
(431, 3, 164, 1, 0.6989700043360189),
(432, 3, 334, 1, 1.4771212547196624),
(433, 3, 152, 1, 1),
(434, 3, 335, 1, 1.1760912590556813),
(435, 3, 336, 1, 1.1760912590556813),
(436, 3, 189, 1, 1),
(437, 3, 337, 1, 1.4771212547196624),
(438, 3, 338, 1, 0.8750612633917001),
(439, 3, 339, 1, 1),
(440, 3, 23, 1, 0.3979400086720376),
(441, 3, 340, 1, 1.4771212547196624),
(442, 3, 341, 1, 1.1760912590556813),
(443, 3, 342, 1, 1.4771212547196624),
(444, 3, 343, 1, 1.4771212547196624),
(445, 3, 344, 1, 1.4771212547196624),
(446, 3, 345, 1, 1.4771212547196624),
(447, 3, 346, 1, 1.4771212547196624),
(448, 3, 29, 2, 0.8714571391228747),
(449, 3, 123, 1, 1),
(450, 3, 347, 1, 1.4771212547196624),
(451, 3, 348, 1, 1.1760912590556813),
(452, 3, 349, 1, 1.4771212547196624),
(453, 3, 134, 1, 0.6320232147054056),
(454, 4, 350, 1, 1.4771212547196624),
(455, 4, 351, 9, 10.584821331501132),
(456, 4, 3, 1, 0.3010299956639812),
(457, 4, 4, 1, 0.17609125905568124),
(458, 4, 7, 3, 0.46470587995722956),
(459, 4, 288, 2, 1.2640464294108111),
(460, 4, 9, 3, 1.193820026016113),
(461, 4, 352, 9, 10.584821331501132),
(462, 4, 353, 1, 1.4771212547196624),
(463, 4, 354, 1, 1.1760912590556813),
(464, 4, 136, 1, 0.6989700043360189),
(465, 4, 18, 3, 1.3071857086843122),
(466, 4, 13, 2, 1.3979400086720377),
(467, 4, 31, 3, 1.5686362358410129),
(468, 4, 160, 2, 1.2640464294108111),
(469, 4, 355, 1, 1.4771212547196624),
(470, 4, 356, 2, 2.3521825181113627),
(471, 4, 357, 1, 1.1760912590556813),
(472, 4, 358, 2, 2),
(473, 4, 29, 1, 0.43572856956143735),
(474, 4, 22, 1, 0.6989700043360189),
(475, 4, 218, 1, 1.1760912590556813),
(476, 4, 359, 1, 1.4771212547196624),
(477, 4, 360, 1, 1.1760912590556813),
(478, 4, 361, 1, 1.4771212547196624),
(479, 4, 140, 1, 0.3631779024128256),
(480, 4, 248, 1, 0.5740312677277188),
(481, 4, 362, 5, 5),
(482, 4, 363, 3, 2.3344537511509307),
(483, 4, 364, 1, 1.4771212547196624),
(484, 4, 365, 1, 1),
(485, 4, 366, 1, 1.4771212547196624),
(486, 4, 367, 1, 1.1760912590556813),
(487, 4, 368, 2, 2.3521825181113627),
(488, 4, 369, 1, 1.4771212547196624),
(489, 4, 37, 2, 0.9542425094393249),
(490, 4, 121, 1, 1.1760912590556813),
(491, 4, 45, 4, 3.1126050015345745),
(492, 4, 370, 1, 1.4771212547196624),
(493, 4, 371, 3, 3.528273777167044),
(494, 4, 372, 1, 0.8750612633917001),
(495, 4, 373, 1, 0.5740312677277188),
(496, 4, 374, 2, 0.7263558048256512),
(497, 4, 40, 4, 1.7429142782457494),
(498, 4, 375, 1, 1.4771212547196624),
(499, 4, 142, 1, 0.8750612633917001),
(500, 4, 376, 1, 1.4771212547196624),
(501, 4, 377, 1, 1.4771212547196624),
(502, 4, 378, 1, 1),
(503, 4, 379, 1, 1.4771212547196624),
(504, 4, 41, 4, 1.2041199826559248),
(505, 4, 380, 2, 2.9542425094393248),
(506, 4, 381, 1, 1.4771212547196624),
(507, 4, 382, 1, 1.4771212547196624),
(508, 4, 108, 1, 0.1549019599857432),
(509, 4, 5, 1, 0.43572856956143735),
(510, 4, 383, 1, 1.4771212547196624),
(511, 4, 384, 1, 1.4771212547196624),
(512, 4, 385, 1, 1.4771212547196624),
(513, 4, 386, 1, 1.4771212547196624),
(514, 4, 387, 1, 1.4771212547196624),
(515, 4, 388, 1, 1.1760912590556813),
(516, 4, 389, 1, 1.4771212547196624),
(517, 4, 46, 1, 0.7781512503836436),
(518, 4, 390, 1, 1.4771212547196624),
(519, 4, 391, 1, 1),
(520, 4, 167, 1, 0.6320232147054056),
(521, 4, 161, 1, 0.6320232147054056),
(522, 4, 392, 1, 1.4771212547196624),
(523, 4, 393, 1, 1.4771212547196624),
(524, 4, 242, 1, 1),
(525, 4, 75, 1, 1),
(526, 4, 247, 1, 1.1760912590556813),
(527, 4, 8, 1, 1),
(528, 4, 394, 1, 1.1760912590556813),
(529, 4, 395, 1, 1.4771212547196624),
(530, 4, 60, 1, 0.6989700043360189),
(531, 4, 163, 1, 0.6989700043360189),
(532, 4, 396, 1, 1.4771212547196624),
(533, 4, 397, 1, 1.4771212547196624),
(534, 4, 398, 1, 0.6989700043360189),
(535, 4, 399, 1, 0.7781512503836436),
(536, 4, 21, 1, 0.47712125471966244),
(537, 4, 119, 1, 0.8750612633917001),
(538, 4, 400, 1, 1.4771212547196624),
(539, 4, 401, 1, 1),
(540, 4, 402, 1, 1.4771212547196624),
(541, 4, 6, 1, 0.27300127206373764),
(542, 4, 56, 1, 0.3631779024128256),
(543, 4, 403, 1, 1.4771212547196624),
(544, 4, 219, 1, 0.6989700043360189),
(545, 4, 404, 1, 0.6320232147054056),
(546, 4, 405, 1, 1.1760912590556813),
(547, 4, 406, 1, 0.8750612633917001),
(548, 4, 407, 1, 1.1760912590556813),
(549, 4, 78, 1, 0.43572856956143735),
(550, 4, 408, 1, 1.4771212547196624),
(551, 4, 409, 1, 0.8750612633917001),
(552, 4, 410, 1, 1),
(553, 4, 411, 1, 1.4771212547196624),
(554, 4, 276, 1, 0.6320232147054056),
(555, 4, 412, 1, 1.4771212547196624),
(556, 5, 413, 2, 2.9542425094393248),
(557, 5, 352, 9, 10.584821331501132),
(558, 5, 3, 3, 0.9030899869919435),
(559, 5, 11, 2, 1.5563025007672873),
(560, 5, 338, 2, 1.7501225267834002),
(561, 5, 6, 3, 0.819003816191213),
(562, 5, 414, 1, 1.1760912590556813),
(563, 5, 351, 9, 10.584821331501132),
(564, 5, 415, 3, 2.3344537511509307),
(565, 5, 22, 1, 0.6989700043360189),
(566, 5, 416, 1, 1.4771212547196624),
(567, 5, 417, 1, 1.4771212547196624),
(568, 5, 418, 1, 1.1760912590556813),
(569, 5, 419, 1, 1.1760912590556813),
(570, 5, 420, 1, 1.4771212547196624),
(571, 5, 277, 1, 1),
(572, 5, 421, 1, 1.4771212547196624),
(573, 5, 25, 1, 0.6320232147054056),
(574, 5, 288, 1, 0.6320232147054056),
(575, 5, 9, 1, 0.3979400086720376),
(576, 5, 422, 1, 0.8750612633917001),
(577, 5, 67, 1, 0.8750612633917001),
(578, 5, 423, 1, 1.1760912590556813),
(579, 5, 424, 1, 1.4771212547196624),
(580, 5, 425, 1, 1.4771212547196624),
(581, 5, 147, 3, 2.3344537511509307),
(582, 5, 426, 1, 0.6320232147054056),
(583, 5, 47, 1, 0.6320232147054056),
(584, 5, 31, 1, 0.5228787452803376),
(585, 5, 108, 3, 0.46470587995722956),
(586, 5, 324, 1, 1),
(587, 5, 427, 1, 1.4771212547196624),
(588, 5, 223, 1, 0.6320232147054056),
(589, 5, 333, 1, 0.7781512503836436),
(590, 5, 18, 2, 0.8714571391228747),
(591, 5, 4, 1, 0.17609125905568124),
(592, 5, 137, 1, 0.5228787452803376),
(593, 5, 374, 1, 0.3631779024128256),
(594, 5, 13, 2, 1.3979400086720377),
(595, 5, 428, 1, 0.8750612633917001),
(596, 5, 261, 1, 0.6989700043360189),
(597, 5, 429, 1, 1.4771212547196624),
(598, 5, 430, 1, 0.6989700043360189),
(599, 5, 431, 1, 1),
(600, 5, 432, 1, 0.6320232147054056),
(601, 5, 433, 1, 0.6989700043360189),
(602, 5, 434, 1, 1.4771212547196624),
(603, 5, 242, 1, 1),
(604, 5, 435, 1, 1.4771212547196624),
(605, 5, 436, 1, 1.4771212547196624),
(606, 5, 437, 1, 1.4771212547196624),
(607, 5, 438, 1, 1.4771212547196624),
(608, 5, 439, 1, 0.8750612633917001),
(609, 5, 440, 1, 1.4771212547196624),
(610, 5, 441, 1, 1.4771212547196624),
(611, 6, 442, 1, 1),
(612, 6, 443, 1, 1),
(613, 6, 444, 1, 1.4771212547196624),
(614, 6, 6, 2, 0.5460025441274753),
(615, 6, 374, 2, 0.7263558048256512),
(616, 6, 7, 3, 0.46470587995722956),
(617, 6, 22, 1, 0.6989700043360189),
(618, 6, 9, 2, 0.7958800173440752),
(619, 6, 445, 7, 8.23263881338977),
(620, 6, 446, 2, 2.3521825181113627),
(621, 6, 447, 4, 4.704365036222725),
(622, 6, 448, 1, 1.4771212547196624),
(623, 6, 29, 1, 0.43572856956143735),
(624, 6, 276, 1, 0.6320232147054056),
(625, 6, 263, 1, 0.6989700043360189),
(626, 6, 338, 1, 0.8750612633917001),
(627, 6, 449, 3, 3),
(628, 6, 450, 2, 2.3521825181113627),
(629, 6, 132, 1, 0.5228787452803376),
(630, 6, 295, 1, 0.7781512503836436),
(631, 6, 451, 1, 1),
(632, 6, 452, 1, 1.1760912590556813),
(633, 6, 365, 1, 1),
(634, 6, 453, 1, 1.1760912590556813),
(635, 6, 454, 1, 1.4771212547196624),
(636, 6, 455, 1, 1.4771212547196624),
(637, 6, 339, 1, 1),
(638, 6, 456, 1, 1.4771212547196624),
(639, 6, 248, 1, 0.5740312677277188),
(640, 6, 108, 1, 0.1549019599857432),
(641, 6, 457, 1, 1.4771212547196624),
(642, 6, 40, 1, 0.43572856956143735),
(643, 6, 243, 1, 0.8750612633917001),
(644, 6, 458, 2, 2.9542425094393248),
(645, 6, 459, 2, 2.3521825181113627),
(646, 6, 460, 1, 0.8750612633917001),
(647, 6, 75, 1, 1),
(648, 6, 461, 1, 1.4771212547196624),
(649, 6, 462, 3, 3.528273777167044),
(650, 6, 463, 1, 1),
(651, 6, 464, 2, 2),
(652, 6, 465, 1, 1.4771212547196624),
(653, 6, 137, 1, 0.5228787452803376),
(654, 6, 56, 1, 0.3631779024128256),
(655, 6, 55, 1, 0.8750612633917001),
(656, 6, 466, 1, 1.4771212547196624),
(657, 6, 467, 1, 1.4771212547196624),
(658, 6, 468, 1, 1.4771212547196624),
(659, 6, 469, 1, 0.7781512503836436),
(660, 6, 41, 1, 0.3010299956639812),
(661, 6, 470, 1, 1.4771212547196624),
(662, 6, 182, 1, 0.8750612633917001),
(663, 6, 471, 1, 1.4771212547196624),
(664, 6, 78, 1, 0.43572856956143735),
(665, 6, 472, 1, 1),
(666, 6, 16, 2, 1.7501225267834002),
(667, 6, 473, 1, 1.4771212547196624),
(668, 6, 474, 1, 1.4771212547196624),
(669, 6, 475, 1, 1.4771212547196624),
(670, 6, 185, 1, 0.5228787452803376),
(671, 6, 476, 1, 1.1760912590556813),
(672, 6, 477, 1, 1.1760912590556813),
(673, 6, 478, 1, 1.1760912590556813),
(674, 6, 479, 1, 1.4771212547196624),
(675, 6, 80, 2, 1.3979400086720377),
(676, 6, 480, 1, 1.4771212547196624),
(677, 6, 481, 1, 1.4771212547196624),
(678, 6, 482, 1, 1.4771212547196624),
(679, 6, 483, 1, 1.4771212547196624),
(680, 6, 86, 1, 0.6989700043360189),
(681, 7, 442, 1, 1),
(682, 7, 443, 1, 1),
(683, 7, 484, 2, 2.9542425094393248),
(684, 7, 29, 2, 0.8714571391228747),
(685, 7, 78, 8, 3.485828556491499),
(686, 7, 485, 1, 1.1760912590556813),
(687, 7, 7, 1, 0.1549019599857432),
(688, 7, 318, 11, 8.55966375422008),
(689, 7, 486, 8, 9.40873007244545),
(690, 7, 487, 1, 1),
(691, 7, 488, 1, 1.4771212547196624),
(692, 7, 33, 1, 0.6989700043360189),
(693, 7, 41, 5, 1.505149978319906),
(694, 7, 374, 7, 2.542245316889779),
(695, 7, 108, 3, 0.46470587995722956),
(696, 7, 489, 1, 1.4771212547196624),
(697, 7, 490, 3, 3.528273777167044),
(698, 7, 219, 9, 6.29073003902417),
(699, 7, 491, 1, 0.8750612633917001),
(700, 7, 136, 1, 0.6989700043360189),
(701, 7, 492, 1, 1.4771212547196624),
(702, 7, 493, 1, 1.1760912590556813),
(703, 7, 494, 1, 1.4771212547196624),
(704, 7, 495, 1, 0.5228787452803376),
(705, 7, 192, 1, 1),
(706, 7, 496, 1, 1.1760912590556813),
(707, 7, 248, 1, 0.5740312677277188),
(708, 7, 243, 1, 0.8750612633917001),
(709, 7, 79, 1, 0.6989700043360189),
(710, 7, 147, 1, 0.7781512503836436),
(711, 7, 414, 1, 1.1760912590556813),
(712, 7, 497, 1, 0.8750612633917001),
(713, 7, 173, 1, 0.8750612633917001),
(714, 7, 9, 2, 0.7958800173440752),
(715, 7, 498, 4, 4.704365036222725),
(716, 7, 148, 1, 1.1760912590556813),
(717, 7, 499, 1, 1.1760912590556813),
(718, 7, 500, 1, 1.4771212547196624),
(719, 7, 446, 1, 1.1760912590556813),
(720, 7, 501, 1, 1.4771212547196624),
(721, 7, 276, 1, 0.6320232147054056),
(722, 7, 356, 1, 1.1760912590556813),
(723, 7, 502, 1, 1.4771212547196624),
(724, 7, 133, 1, 1),
(725, 7, 503, 1, 1.4771212547196624),
(726, 7, 453, 1, 1.1760912590556813),
(727, 7, 504, 1, 1.4771212547196624),
(728, 7, 331, 1, 0.7781512503836436),
(729, 7, 505, 2, 2.9542425094393248),
(730, 7, 506, 2, 2.3521825181113627),
(731, 7, 507, 2, 1.5563025007672873),
(732, 7, 86, 1, 0.6989700043360189),
(733, 7, 431, 2, 2),
(734, 7, 508, 1, 1),
(735, 7, 509, 1, 1.4771212547196624),
(736, 7, 510, 1, 1.1760912590556813),
(737, 7, 511, 1, 0.8750612633917001),
(738, 7, 512, 2, 2),
(739, 7, 433, 1, 0.6989700043360189),
(740, 7, 426, 1, 0.6320232147054056),
(741, 7, 513, 1, 0.7781512503836436),
(742, 7, 95, 2, 2),
(743, 7, 514, 2, 2.9542425094393248),
(744, 7, 515, 1, 0.5228787452803376),
(745, 7, 516, 2, 1.3979400086720377),
(746, 7, 167, 3, 1.8960696441162166),
(747, 7, 137, 1, 0.5228787452803376),
(748, 7, 60, 1, 0.6989700043360189),
(749, 7, 517, 2, 2),
(750, 7, 518, 1, 1.4771212547196624),
(751, 7, 182, 3, 2.6251837901751003),
(752, 7, 132, 1, 0.5228787452803376),
(753, 7, 422, 1, 0.8750612633917001),
(754, 7, 363, 1, 0.7781512503836436),
(755, 7, 333, 2, 1.5563025007672873),
(756, 7, 37, 2, 0.9542425094393249),
(757, 7, 519, 1, 1.4771212547196624),
(758, 7, 114, 1, 1),
(759, 7, 520, 1, 1.4771212547196624),
(760, 7, 56, 3, 1.0895337072384768),
(761, 7, 521, 2, 2.9542425094393248),
(762, 7, 522, 2, 2),
(763, 7, 523, 1, 1.1760912590556813),
(764, 7, 524, 2, 2),
(765, 7, 525, 1, 1.4771212547196624),
(766, 7, 526, 1, 1.4771212547196624),
(767, 7, 527, 1, 1.1760912590556813),
(768, 7, 430, 4, 2.7958800173440754),
(769, 7, 4, 2, 0.3521825181113625),
(770, 7, 110, 1, 0.6320232147054056),
(771, 7, 23, 1, 0.3979400086720376),
(772, 7, 409, 2, 1.7501225267834002),
(773, 7, 528, 1, 1.1760912590556813),
(774, 7, 187, 1, 1),
(775, 7, 529, 1, 1),
(776, 7, 13, 1, 0.6989700043360189),
(777, 7, 439, 1, 0.8750612633917001),
(778, 7, 530, 1, 1.4771212547196624),
(779, 7, 531, 1, 1.4771212547196624),
(780, 7, 532, 2, 2.9542425094393248),
(781, 7, 241, 1, 0.3979400086720376),
(782, 7, 42, 1, 1),
(783, 7, 533, 1, 0.8750612633917001),
(784, 7, 534, 1, 1.4771212547196624),
(785, 7, 535, 1, 1.4771212547196624),
(786, 7, 536, 2, 2),
(787, 7, 88, 1, 0.8750612633917001),
(788, 7, 106, 1, 0.7781512503836436),
(789, 7, 357, 1, 1.1760912590556813),
(790, 7, 191, 1, 0.6320232147054056),
(791, 7, 311, 2, 1.7501225267834002),
(792, 7, 5, 1, 0.43572856956143735),
(793, 7, 464, 1, 1),
(794, 7, 322, 1, 0.5228787452803376),
(795, 7, 164, 1, 0.6989700043360189),
(796, 7, 537, 1, 1.4771212547196624),
(797, 7, 267, 1, 0.5740312677277188),
(798, 7, 314, 1, 0.8750612633917001),
(799, 7, 213, 1, 1.1760912590556813),
(800, 7, 249, 2, 2),
(801, 7, 130, 1, 1.1760912590556813),
(802, 7, 538, 1, 1.4771212547196624),
(803, 7, 316, 2, 2),
(804, 7, 6, 1, 0.27300127206373764),
(805, 7, 539, 1, 1.4771212547196624),
(806, 7, 540, 1, 1.4771212547196624),
(807, 7, 460, 2, 1.7501225267834002),
(808, 7, 20, 1, 1),
(809, 7, 541, 1, 1.4771212547196624),
(810, 7, 542, 1, 1.4771212547196624),
(811, 7, 543, 1, 1.4771212547196624),
(812, 7, 544, 1, 1.1760912590556813),
(813, 7, 309, 1, 1),
(814, 8, 545, 1, 0.7781512503836436),
(815, 8, 443, 1, 1),
(816, 8, 546, 1, 1.4771212547196624),
(817, 8, 373, 1, 0.5740312677277188),
(818, 8, 6, 1, 0.27300127206373764),
(819, 8, 404, 6, 3.792139288232433),
(820, 8, 428, 1, 0.8750612633917001),
(821, 8, 547, 2, 2.3521825181113627),
(822, 8, 7, 4, 0.6196078399429727),
(823, 8, 548, 1, 1.4771212547196624),
(824, 8, 163, 1, 0.6989700043360189),
(825, 8, 132, 2, 1.0457574905606752),
(826, 8, 549, 1, 1.4771212547196624),
(827, 8, 140, 6, 2.1790674144769535),
(828, 8, 243, 1, 0.8750612633917001),
(829, 8, 309, 2, 2),
(830, 8, 445, 3, 3.528273777167044),
(831, 8, 447, 7, 8.23263881338977),
(832, 8, 241, 2, 0.7958800173440752),
(833, 8, 550, 1, 1.4771212547196624),
(834, 8, 316, 1, 1),
(835, 8, 551, 1, 1.4771212547196624),
(836, 8, 552, 1, 1.4771212547196624),
(837, 8, 553, 11, 16.248333801916285),
(838, 8, 229, 4, 2.5280928588216223),
(839, 8, 8, 1, 1),
(840, 8, 554, 1, 1.4771212547196624),
(841, 8, 555, 1, 0.8750612633917001),
(842, 8, 556, 4, 5.9084850188786495),
(843, 8, 557, 5, 7.385606273598312),
(844, 8, 558, 1, 1.4771212547196624),
(845, 8, 463, 3, 3),
(846, 8, 559, 11, 16.248333801916285),
(847, 8, 560, 3, 3),
(848, 8, 517, 1, 1),
(849, 8, 433, 3, 2.0969100130080567),
(850, 8, 561, 1, 1.1760912590556813),
(851, 8, 208, 1, 0.8750612633917001),
(852, 8, 426, 3, 1.8960696441162166),
(853, 8, 562, 1, 1.4771212547196624),
(854, 8, 495, 2, 1.0457574905606752),
(855, 8, 72, 2, 0.9542425094393249),
(856, 8, 563, 1, 1.4771212547196624),
(857, 8, 173, 1, 0.8750612633917001),
(858, 8, 564, 1, 1),
(859, 8, 28, 5, 2.870156338638594),
(860, 8, 565, 2, 1.7501225267834002),
(861, 8, 566, 1, 1.4771212547196624),
(862, 8, 185, 2, 1.0457574905606752),
(863, 8, 476, 1, 1.1760912590556813),
(864, 8, 567, 1, 1.4771212547196624),
(865, 8, 22, 2, 1.3979400086720377),
(866, 8, 568, 1, 1.1760912590556813),
(867, 8, 398, 2, 1.3979400086720377),
(868, 8, 406, 1, 0.8750612633917001),
(869, 8, 134, 1, 0.6320232147054056),
(870, 8, 73, 1, 0.6989700043360189),
(871, 8, 198, 2, 1.1480625354554377),
(872, 8, 219, 4, 2.7958800173440754),
(873, 8, 515, 4, 2.0915149811213505),
(874, 8, 137, 1, 0.5228787452803376),
(875, 8, 405, 1, 1.1760912590556813),
(876, 8, 569, 1, 1.4771212547196624),
(877, 8, 55, 1, 0.8750612633917001),
(878, 8, 570, 1, 1.4771212547196624),
(879, 8, 571, 1, 1.4771212547196624),
(880, 8, 572, 1, 1.4771212547196624),
(881, 8, 40, 2, 0.8714571391228747),
(882, 8, 573, 1, 1.4771212547196624),
(883, 8, 574, 2, 2.9542425094393248),
(884, 8, 575, 1, 1.4771212547196624),
(885, 8, 66, 1, 1),
(886, 8, 289, 3, 2.3344537511509307),
(887, 8, 576, 1, 1.4771212547196624),
(888, 8, 37, 1, 0.47712125471966244),
(889, 8, 577, 1, 1.4771212547196624),
(890, 8, 544, 1, 1.1760912590556813),
(891, 8, 336, 1, 1.1760912590556813),
(892, 8, 53, 1, 1),
(893, 8, 578, 1, 0.47712125471966244),
(894, 8, 348, 1, 1.1760912590556813),
(895, 8, 579, 1, 1.4771212547196624),
(896, 8, 580, 1, 1.4771212547196624),
(897, 8, 581, 1, 1.1760912590556813),
(898, 8, 582, 1, 1.1760912590556813),
(899, 8, 293, 3, 3.528273777167044),
(900, 8, 108, 1, 0.1549019599857432),
(901, 8, 583, 1, 1.4771212547196624),
(902, 8, 258, 1, 1.1760912590556813),
(903, 8, 528, 1, 1.1760912590556813),
(904, 8, 584, 2, 2),
(905, 8, 585, 1, 1.4771212547196624),
(906, 8, 586, 1, 1),
(907, 8, 587, 1, 1.4771212547196624),
(908, 8, 588, 1, 1),
(909, 8, 211, 1, 0.8750612633917001),
(910, 8, 589, 1, 1.1760912590556813),
(911, 8, 306, 1, 1),
(912, 8, 590, 1, 0.7781512503836436),
(913, 8, 41, 2, 0.6020599913279624),
(914, 8, 591, 1, 1.4771212547196624),
(915, 8, 122, 1, 1.1760912590556813),
(916, 8, 592, 1, 1.1760912590556813),
(917, 8, 201, 1, 0.5740312677277188),
(918, 8, 409, 1, 0.8750612633917001),
(919, 8, 593, 1, 1.1760912590556813),
(920, 8, 114, 2, 2),
(921, 8, 204, 1, 1),
(922, 8, 594, 1, 1),
(923, 8, 80, 1, 0.6989700043360189),
(924, 8, 92, 1, 0.7781512503836436),
(925, 8, 91, 1, 0.7781512503836436),
(926, 8, 595, 1, 1.4771212547196624),
(927, 8, 363, 1, 0.7781512503836436),
(928, 8, 451, 1, 1),
(929, 8, 596, 1, 1.4771212547196624),
(930, 8, 597, 1, 1.1760912590556813),
(931, 8, 598, 1, 0.7781512503836436),
(932, 8, 599, 1, 1.4771212547196624),
(933, 8, 600, 1, 1.4771212547196624),
(934, 8, 601, 1, 1.4771212547196624),
(935, 8, 602, 1, 1.4771212547196624),
(936, 8, 603, 1, 1.1760912590556813),
(937, 8, 604, 1, 0.6989700043360189),
(938, 8, 605, 1, 1.4771212547196624),
(939, 8, 606, 1, 1),
(940, 8, 607, 1, 1.4771212547196624),
(941, 8, 608, 1, 1.4771212547196624),
(942, 8, 609, 1, 1.4771212547196624),
(943, 8, 610, 1, 1.4771212547196624),
(944, 8, 611, 1, 1),
(945, 8, 464, 1, 1),
(946, 8, 469, 1, 0.7781512503836436),
(947, 8, 310, 1, 0.8750612633917001),
(948, 8, 49, 1, 0.8750612633917001),
(949, 8, 612, 1, 1),
(950, 8, 613, 1, 0.8750612633917001),
(951, 8, 614, 1, 1.4771212547196624),
(952, 8, 362, 1, 1),
(953, 8, 304, 1, 1.1760912590556813),
(954, 8, 615, 1, 1.4771212547196624),
(955, 8, 616, 1, 1.4771212547196624),
(956, 8, 113, 1, 0.7781512503836436),
(957, 8, 322, 1, 0.5228787452803376),
(958, 8, 21, 1, 0.47712125471966244),
(959, 8, 617, 1, 1.4771212547196624),
(960, 9, 497, 2, 1.7501225267834002),
(961, 9, 618, 8, 9.40873007244545),
(962, 9, 3, 2, 0.6020599913279624),
(963, 9, 28, 2, 1.1480625354554377),
(964, 9, 619, 1, 1.4771212547196624),
(965, 9, 620, 2, 2.9542425094393248),
(966, 9, 621, 2, 2.9542425094393248),
(967, 9, 622, 1, 1),
(968, 9, 623, 2, 2.9542425094393248),
(969, 9, 624, 1, 1.4771212547196624),
(970, 9, 5, 1, 0.43572856956143735),
(971, 9, 6, 2, 0.5460025441274753),
(972, 9, 374, 1, 0.3631779024128256),
(973, 9, 625, 1, 1.4771212547196624),
(974, 9, 41, 1, 0.3010299956639812),
(975, 9, 432, 3, 1.8960696441162166),
(976, 9, 626, 3, 3.528273777167044),
(977, 9, 627, 1, 1.4771212547196624),
(978, 9, 56, 1, 0.3631779024128256),
(979, 9, 628, 2, 2.9542425094393248),
(980, 9, 523, 1, 1.1760912590556813),
(981, 9, 629, 1, 1.4771212547196624),
(982, 9, 536, 1, 1),
(983, 9, 630, 1, 1.4771212547196624),
(984, 9, 631, 1, 1.4771212547196624),
(985, 9, 632, 1, 1),
(986, 9, 81, 1, 0.8750612633917001),
(987, 9, 428, 1, 0.8750612633917001),
(988, 9, 29, 1, 0.43572856956143735),
(989, 9, 633, 1, 0.8750612633917001),
(990, 9, 422, 1, 0.8750612633917001),
(991, 9, 634, 1, 1.4771212547196624),
(992, 9, 452, 1, 1.1760912590556813),
(993, 9, 635, 1, 1.4771212547196624),
(994, 9, 636, 1, 1.4771212547196624),
(995, 9, 637, 1, 1.4771212547196624),
(996, 9, 399, 1, 0.7781512503836436),
(997, 9, 612, 1, 1),
(998, 9, 638, 1, 1.4771212547196624),
(999, 9, 639, 1, 1.4771212547196624),
(1000, 9, 640, 1, 1.1760912590556813),
(1001, 9, 227, 1, 1.1760912590556813),
(1002, 9, 235, 1, 0.6320232147054056),
(1003, 9, 79, 2, 1.3979400086720377),
(1004, 9, 358, 1, 1),
(1005, 9, 513, 1, 0.7781512503836436),
(1006, 9, 641, 1, 1.1760912590556813),
(1007, 9, 373, 1, 0.5740312677277188),
(1008, 9, 354, 1, 1.1760912590556813),
(1009, 9, 642, 1, 1.4771212547196624),
(1010, 9, 643, 1, 1.4771212547196624),
(1011, 9, 644, 1, 1.4771212547196624),
(1012, 9, 263, 2, 1.3979400086720377),
(1013, 9, 645, 1, 1.4771212547196624),
(1014, 9, 646, 1, 1.4771212547196624),
(1015, 9, 38, 1, 0.47712125471966244),
(1016, 9, 647, 1, 1.4771212547196624),
(1017, 9, 648, 1, 1.4771212547196624),
(1018, 9, 132, 1, 0.5228787452803376),
(1019, 9, 649, 1, 1.4771212547196624),
(1020, 9, 650, 1, 1.4771212547196624),
(1021, 9, 651, 1, 1.4771212547196624),
(1022, 9, 652, 4, 4.704365036222725),
(1023, 9, 7, 3, 0.46470587995722956),
(1024, 9, 653, 1, 1.4771212547196624),
(1025, 9, 654, 1, 1.4771212547196624),
(1026, 9, 338, 3, 2.6251837901751003),
(1027, 9, 277, 1, 1),
(1028, 9, 201, 1, 0.5740312677277188),
(1029, 9, 533, 1, 0.8750612633917001),
(1030, 9, 655, 1, 1.4771212547196624),
(1031, 9, 524, 2, 2),
(1032, 9, 204, 1, 1),
(1033, 9, 491, 2, 1.7501225267834002),
(1034, 9, 656, 6, 8.862727528317974),
(1035, 9, 322, 1, 0.5228787452803376),
(1036, 9, 23, 1, 0.3979400086720376),
(1037, 9, 329, 1, 1.1760912590556813),
(1038, 9, 657, 5, 7.385606273598312),
(1039, 9, 11, 1, 0.7781512503836436),
(1040, 9, 658, 1, 1.4771212547196624),
(1041, 9, 118, 1, 1.1760912590556813),
(1042, 9, 659, 2, 2.9542425094393248),
(1043, 9, 660, 2, 2.9542425094393248),
(1044, 9, 406, 2, 1.7501225267834002),
(1045, 9, 661, 1, 1.4771212547196624),
(1046, 9, 72, 1, 0.47712125471966244),
(1047, 9, 185, 1, 0.5228787452803376),
(1048, 9, 662, 1, 1.1760912590556813),
(1049, 9, 229, 2, 1.2640464294108111),
(1050, 9, 515, 1, 0.5228787452803376),
(1051, 9, 578, 1, 0.47712125471966244),
(1052, 9, 156, 1, 0.6989700043360189),
(1053, 9, 663, 4, 5.9084850188786495),
(1054, 9, 664, 1, 1.4771212547196624),
(1055, 9, 665, 2, 2.9542425094393248),
(1056, 9, 198, 1, 0.5740312677277188),
(1057, 9, 241, 2, 0.7958800173440752),
(1058, 9, 426, 1, 0.6320232147054056),
(1059, 9, 508, 1, 1),
(1060, 9, 666, 1, 1.1760912590556813),
(1061, 9, 560, 2, 2),
(1062, 9, 184, 1, 1.1760912590556813),
(1063, 9, 108, 3, 0.46470587995722956),
(1064, 9, 667, 1, 1.4771212547196624),
(1065, 9, 668, 1, 1.4771212547196624),
(1066, 9, 423, 1, 1.1760912590556813),
(1067, 9, 18, 3, 1.3071857086843122),
(1068, 9, 371, 1, 1.1760912590556813),
(1069, 9, 669, 1, 1.4771212547196624),
(1070, 9, 670, 1, 1.4771212547196624),
(1071, 9, 60, 1, 0.6989700043360189),
(1072, 9, 671, 1, 1.4771212547196624),
(1073, 9, 672, 1, 1.4771212547196624),
(1074, 9, 673, 1, 1.4771212547196624),
(1075, 9, 674, 1, 1.4771212547196624),
(1076, 9, 128, 1, 1.1760912590556813),
(1077, 9, 40, 2, 0.8714571391228747),
(1078, 9, 675, 1, 1.1760912590556813),
(1079, 9, 604, 1, 0.6989700043360189),
(1080, 9, 341, 2, 2.3521825181113627),
(1081, 9, 676, 1, 1.4771212547196624),
(1082, 9, 677, 1, 1),
(1083, 9, 275, 1, 1),
(1084, 9, 678, 1, 1.4771212547196624),
(1085, 9, 679, 1, 1.4771212547196624),
(1086, 9, 680, 1, 1.4771212547196624),
(1087, 9, 681, 1, 1.4771212547196624),
(1088, 9, 4, 1, 0.17609125905568124),
(1089, 9, 682, 1, 1.1760912590556813),
(1090, 9, 683, 1, 1.4771212547196624),
(1091, 9, 547, 1, 1.1760912590556813),
(1092, 9, 684, 1, 1.4771212547196624),
(1093, 9, 318, 1, 0.7781512503836436),
(1094, 9, 685, 1, 1.4771212547196624),
(1095, 9, 37, 2, 0.9542425094393249),
(1096, 9, 495, 1, 0.5228787452803376),
(1097, 9, 469, 1, 0.7781512503836436),
(1098, 9, 686, 1, 1.4771212547196624),
(1099, 9, 687, 1, 1.4771212547196624),
(1100, 9, 688, 1, 1.4771212547196624),
(1101, 9, 689, 1, 1.4771212547196624),
(1102, 9, 690, 1, 1.4771212547196624),
(1103, 9, 691, 1, 1.4771212547196624),
(1104, 9, 692, 1, 1.1760912590556813),
(1105, 9, 325, 1, 1),
(1106, 9, 693, 2, 2.9542425094393248),
(1107, 9, 694, 1, 1.4771212547196624),
(1108, 9, 695, 1, 1.4771212547196624),
(1109, 9, 163, 1, 0.6989700043360189),
(1110, 9, 209, 1, 0.7781512503836436),
(1111, 9, 696, 1, 1.4771212547196624),
(1112, 9, 257, 1, 0.8750612633917001),
(1113, 9, 697, 1, 1.4771212547196624),
(1114, 9, 281, 1, 1),
(1115, 9, 236, 1, 1.1760912590556813),
(1116, 9, 698, 1, 1.4771212547196624),
(1117, 9, 78, 1, 0.43572856956143735),
(1118, 9, 699, 1, 1.4771212547196624),
(1119, 10, 700, 1, 1.4771212547196624),
(1120, 10, 578, 2, 0.9542425094393249),
(1121, 10, 72, 2, 0.9542425094393249),
(1122, 10, 701, 1, 1.1760912590556813),
(1123, 10, 702, 8, 11.816970037757299),
(1124, 10, 331, 1, 0.7781512503836436),
(1125, 10, 276, 1, 0.6320232147054056),
(1126, 10, 613, 1, 0.8750612633917001),
(1127, 10, 703, 1, 1.4771212547196624),
(1128, 10, 257, 1, 0.8750612633917001),
(1129, 10, 604, 1, 0.6989700043360189),
(1130, 10, 41, 1, 0.3010299956639812),
(1131, 10, 704, 1, 1.4771212547196624),
(1132, 10, 108, 5, 0.7745097999287159),
(1133, 10, 7, 1, 0.1549019599857432),
(1134, 10, 705, 1, 1.4771212547196624),
(1135, 10, 706, 1, 1.4771212547196624),
(1136, 10, 45, 1, 0.7781512503836436),
(1137, 10, 507, 2, 1.5563025007672873),
(1138, 10, 516, 1, 0.6989700043360189),
(1139, 10, 287, 2, 1.5563025007672873),
(1140, 10, 70, 1, 0.8750612633917001),
(1141, 10, 9, 1, 0.3979400086720376),
(1142, 10, 707, 3, 4.431363764158987),
(1143, 10, 223, 1, 0.6320232147054056),
(1144, 10, 147, 1, 0.7781512503836436),
(1145, 10, 219, 2, 1.3979400086720377),
(1146, 10, 593, 1, 1.1760912590556813),
(1147, 10, 708, 1, 1.4771212547196624),
(1148, 10, 709, 1, 1.4771212547196624),
(1149, 10, 710, 1, 1.4771212547196624),
(1150, 10, 91, 1, 0.7781512503836436),
(1151, 10, 711, 1, 1.4771212547196624),
(1152, 10, 398, 2, 1.3979400086720377),
(1153, 10, 73, 1, 0.6989700043360189),
(1154, 10, 712, 1, 1.4771212547196624),
(1155, 10, 401, 1, 1),
(1156, 10, 713, 1, 1.1760912590556813),
(1157, 10, 714, 3, 4.431363764158987),
(1158, 10, 12, 1, 1.1760912590556813),
(1159, 10, 13, 1, 0.6989700043360189),
(1160, 10, 119, 1, 0.8750612633917001),
(1161, 10, 310, 1, 0.8750612633917001),
(1162, 10, 82, 1, 1),
(1163, 10, 363, 1, 0.7781512503836436),
(1164, 10, 25, 1, 0.6320232147054056),
(1165, 10, 311, 1, 0.8750612633917001),
(1166, 10, 56, 3, 1.0895337072384768),
(1167, 10, 167, 3, 1.8960696441162166),
(1168, 10, 433, 2, 1.3979400086720377),
(1169, 10, 561, 2, 2.3521825181113627),
(1170, 10, 78, 1, 0.43572856956143735),
(1171, 10, 27, 1, 0.8750612633917001),
(1172, 10, 201, 1, 0.5740312677277188),
(1173, 10, 715, 1, 1.4771212547196624),
(1174, 10, 716, 1, 1.4771212547196624),
(1175, 10, 506, 1, 1.1760912590556813),
(1176, 10, 360, 1, 1.1760912590556813),
(1177, 10, 717, 1, 1.4771212547196624),
(1178, 10, 598, 1, 0.7781512503836436),
(1179, 10, 718, 1, 1.4771212547196624),
(1180, 10, 394, 1, 1.1760912590556813),
(1181, 10, 568, 1, 1.1760912590556813),
(1182, 10, 719, 1, 1.1760912590556813),
(1183, 10, 323, 1, 1.1760912590556813),
(1184, 10, 107, 1, 0.7781512503836436),
(1185, 10, 23, 1, 0.3979400086720376),
(1186, 10, 140, 1, 0.3631779024128256),
(1187, 11, 176, 2, 1.7501225267834002),
(1188, 11, 263, 2, 1.3979400086720377),
(1189, 11, 578, 5, 2.385606273598312),
(1190, 11, 120, 1, 0.6989700043360189),
(1191, 11, 6, 1, 0.27300127206373764),
(1192, 11, 720, 1, 1.4771212547196624),
(1193, 11, 40, 2, 0.8714571391228747),
(1194, 11, 721, 1, 1.4771212547196624),
(1195, 11, 113, 1, 0.7781512503836436),
(1196, 11, 495, 1, 0.5228787452803376),
(1197, 11, 469, 1, 0.7781512503836436),
(1198, 11, 472, 1, 1),
(1199, 11, 722, 1, 1.1760912590556813),
(1200, 11, 142, 1, 0.8750612633917001),
(1201, 11, 56, 1, 0.3631779024128256),
(1202, 11, 404, 1, 0.6320232147054056),
(1203, 11, 198, 1, 0.5740312677277188),
(1204, 11, 164, 1, 0.6989700043360189),
(1205, 11, 723, 2, 2),
(1206, 11, 275, 1, 1),
(1207, 11, 4, 1, 0.17609125905568124),
(1208, 11, 515, 1, 0.5228787452803376),
(1209, 11, 269, 1, 1.1760912590556813),
(1210, 11, 724, 1, 1.4771212547196624),
(1211, 11, 507, 1, 0.7781512503836436),
(1212, 11, 725, 1, 1.4771212547196624),
(1213, 11, 726, 1, 1.4771212547196624),
(1214, 11, 161, 1, 0.6320232147054056),
(1215, 11, 727, 1, 1.4771212547196624),
(1216, 11, 7, 2, 0.3098039199714864),
(1217, 11, 728, 1, 1.4771212547196624),
(1218, 11, 41, 1, 0.3010299956639812),
(1219, 11, 162, 1, 1.1760912590556813),
(1220, 12, 176, 2, 1.7501225267834002),
(1221, 12, 263, 3, 2.0969100130080567),
(1222, 12, 536, 2, 2),
(1223, 12, 3, 2, 0.6020599913279624),
(1224, 12, 4, 2, 0.3521825181113625),
(1225, 12, 524, 2, 2),
(1226, 12, 288, 3, 1.8960696441162166),
(1227, 12, 235, 2, 1.2640464294108111),
(1228, 12, 594, 1, 1),
(1229, 12, 729, 4, 5.9084850188786495),
(1230, 12, 730, 2, 2.3521825181113627),
(1231, 12, 731, 1, 1.4771212547196624),
(1232, 12, 732, 2, 2.9542425094393248),
(1233, 12, 733, 2, 2.9542425094393248),
(1234, 12, 734, 2, 2.9542425094393248),
(1235, 12, 735, 1, 1.4771212547196624),
(1236, 12, 141, 1, 1.1760912590556813),
(1237, 12, 736, 1, 1.4771212547196624),
(1238, 12, 261, 2, 1.3979400086720377),
(1239, 12, 737, 1, 1.1760912590556813),
(1240, 12, 738, 1, 1.4771212547196624),
(1241, 12, 739, 1, 1.4771212547196624),
(1242, 12, 740, 1, 1.4771212547196624),
(1243, 12, 741, 1, 1.4771212547196624),
(1244, 12, 110, 1, 0.6320232147054056),
(1245, 12, 108, 1, 0.1549019599857432),
(1246, 12, 430, 1, 0.6989700043360189),
(1247, 12, 742, 1, 1),
(1248, 12, 515, 1, 0.5228787452803376),
(1249, 12, 433, 1, 0.6989700043360189),
(1250, 12, 9, 1, 0.3979400086720376),
(1251, 12, 743, 2, 2.9542425094393248),
(1252, 12, 744, 1, 1.4771212547196624),
(1253, 12, 745, 1, 1.1760912590556813),
(1254, 12, 746, 1, 1.4771212547196624),
(1255, 12, 374, 1, 0.3631779024128256),
(1256, 12, 72, 1, 0.47712125471966244),
(1257, 12, 675, 1, 1.1760912590556813),
(1258, 12, 31, 1, 0.5228787452803376),
(1259, 12, 208, 1, 0.8750612633917001),
(1260, 12, 37, 1, 0.47712125471966244),
(1261, 12, 747, 1, 1.4771212547196624),
(1262, 12, 748, 1, 0.6989700043360189),
(1263, 12, 749, 1, 1.4771212547196624),
(1264, 12, 145, 1, 0.7781512503836436),
(1265, 12, 597, 1, 1.1760912590556813),
(1266, 12, 750, 1, 1.4771212547196624),
(1267, 12, 598, 1, 0.7781512503836436),
(1268, 12, 613, 1, 0.8750612633917001),
(1269, 12, 80, 1, 0.6989700043360189),
(1270, 12, 164, 1, 0.6989700043360189),
(1271, 12, 18, 1, 0.43572856956143735),
(1272, 12, 640, 1, 1.1760912590556813),
(1273, 12, 287, 1, 0.7781512503836436),
(1274, 13, 751, 5, 7.385606273598312),
(1275, 13, 752, 1, 1.4771212547196624),
(1276, 13, 373, 3, 1.7220938031831565),
(1277, 13, 6, 1, 0.27300127206373764),
(1278, 13, 753, 1, 1.1760912590556813),
(1279, 13, 745, 2, 2.3521825181113627),
(1280, 13, 7, 2, 0.3098039199714864),
(1281, 13, 754, 1, 1.4771212547196624),
(1282, 13, 208, 1, 0.8750612633917001),
(1283, 13, 23, 1, 0.3979400086720376),
(1284, 13, 241, 2, 0.7958800173440752),
(1285, 13, 755, 1, 1.4771212547196624),
(1286, 13, 613, 1, 0.8750612633917001),
(1287, 13, 748, 1, 0.6989700043360189),
(1288, 13, 756, 1, 1.4771212547196624),
(1289, 13, 248, 1, 0.5740312677277188),
(1290, 13, 145, 1, 0.7781512503836436),
(1291, 13, 451, 1, 1),
(1292, 13, 17, 1, 1),
(1293, 13, 757, 1, 1.1760912590556813),
(1294, 13, 235, 3, 1.8960696441162166),
(1295, 13, 758, 1, 1.1760912590556813),
(1296, 13, 592, 1, 1.1760912590556813),
(1297, 13, 320, 1, 1),
(1298, 13, 92, 1, 0.7781512503836436),
(1299, 13, 191, 1, 0.6320232147054056),
(1300, 13, 295, 1, 0.7781512503836436),
(1301, 13, 4, 1, 0.17609125905568124),
(1302, 13, 677, 1, 1),
(1303, 13, 632, 1, 1),
(1304, 13, 633, 1, 0.8750612633917001),
(1305, 13, 160, 1, 0.6320232147054056),
(1306, 13, 759, 1, 1.4771212547196624),
(1307, 13, 760, 1, 1.4771212547196624),
(1308, 13, 761, 1, 1.4771212547196624),
(1309, 13, 762, 1, 1.1760912590556813),
(1310, 13, 763, 1, 1.4771212547196624),
(1311, 13, 161, 1, 0.6320232147054056),
(1312, 13, 764, 1, 1.4771212547196624),
(1313, 13, 765, 1, 1.4771212547196624),
(1314, 13, 276, 1, 0.6320232147054056),
(1315, 13, 766, 1, 1.1760912590556813),
(1316, 13, 142, 1, 0.8750612633917001),
(1317, 13, 56, 1, 0.3631779024128256),
(1318, 13, 767, 1, 1.4771212547196624),
(1319, 14, 201, 1, 0.5740312677277188),
(1320, 14, 322, 1, 0.5228787452803376),
(1321, 14, 768, 2, 2.9542425094393248),
(1322, 14, 769, 6, 8.862727528317974),
(1323, 14, 770, 1, 1.4771212547196624),
(1324, 14, 771, 1, 1.4771212547196624),
(1325, 14, 772, 1, 1.4771212547196624),
(1326, 14, 223, 1, 0.6320232147054056),
(1327, 14, 773, 1, 1.4771212547196624),
(1328, 14, 339, 1, 1),
(1329, 14, 495, 2, 1.0457574905606752),
(1330, 14, 774, 1, 1.4771212547196624),
(1331, 14, 311, 1, 0.8750612633917001),
(1332, 14, 775, 1, 1.4771212547196624),
(1333, 14, 5, 2, 0.8714571391228747),
(1334, 14, 529, 1, 1),
(1335, 14, 163, 1, 0.6989700043360189),
(1336, 14, 72, 1, 0.47712125471966244),
(1337, 14, 185, 1, 0.5228787452803376),
(1338, 14, 433, 1, 0.6989700043360189),
(1339, 14, 73, 1, 0.6989700043360189),
(1340, 14, 776, 1, 1.4771212547196624),
(1341, 14, 682, 1, 1.1760912590556813),
(1342, 14, 565, 2, 1.7501225267834002),
(1343, 14, 362, 1, 1),
(1344, 14, 604, 1, 0.6989700043360189),
(1345, 14, 306, 1, 1),
(1346, 14, 777, 2, 2.9542425094393248),
(1347, 14, 778, 7, 10.339848783037636),
(1348, 14, 779, 2, 2.9542425094393248),
(1349, 14, 780, 4, 5.9084850188786495),
(1350, 14, 781, 1, 1.4771212547196624),
(1351, 14, 477, 1, 1.1760912590556813),
(1352, 14, 173, 1, 0.8750612633917001),
(1353, 14, 782, 5, 7.385606273598312),
(1354, 14, 189, 2, 2),
(1355, 14, 40, 1, 0.43572856956143735),
(1356, 14, 783, 1, 1.4771212547196624),
(1357, 14, 422, 1, 0.8750612633917001),
(1358, 14, 287, 2, 1.5563025007672873),
(1359, 14, 38, 1, 0.47712125471966244),
(1360, 14, 241, 1, 0.3979400086720376),
(1361, 14, 784, 2, 2.9542425094393248),
(1362, 14, 140, 1, 0.3631779024128256),
(1363, 14, 785, 1, 1.4771212547196624),
(1364, 14, 391, 1, 1),
(1365, 14, 56, 1, 0.3631779024128256),
(1366, 14, 406, 1, 0.8750612633917001),
(1367, 14, 786, 1, 1.4771212547196624),
(1368, 14, 160, 1, 0.6320232147054056),
(1369, 14, 511, 2, 1.7501225267834002),
(1370, 14, 106, 1, 0.7781512503836436),
(1371, 14, 496, 2, 2.3521825181113627),
(1372, 14, 787, 1, 1.4771212547196624),
(1373, 14, 426, 1, 0.6320232147054056),
(1374, 14, 788, 1, 1.1760912590556813),
(1375, 14, 789, 1, 1.4771212547196624),
(1376, 14, 363, 1, 0.7781512503836436),
(1377, 14, 790, 1, 1.4771212547196624),
(1378, 14, 791, 1, 1.4771212547196624),
(1379, 14, 191, 1, 0.6320232147054056),
(1380, 14, 611, 2, 2),
(1381, 14, 792, 1, 1.4771212547196624),
(1382, 14, 267, 1, 0.5740312677277188),
(1383, 14, 139, 1, 1),
(1384, 14, 662, 1, 1.1760912590556813),
(1385, 14, 28, 1, 0.5740312677277188),
(1386, 14, 793, 1, 1.4771212547196624),
(1387, 14, 134, 1, 0.6320232147054056),
(1388, 14, 29, 1, 0.43572856956143735),
(1389, 14, 22, 1, 0.6989700043360189),
(1390, 14, 261, 1, 0.6989700043360189),
(1391, 14, 407, 2, 2.3521825181113627),
(1392, 14, 367, 1, 1.1760912590556813),
(1393, 14, 41, 2, 0.6020599913279624),
(1394, 14, 410, 1, 1),
(1395, 14, 794, 1, 1.4771212547196624),
(1396, 15, 201, 1, 0.5740312677277188),
(1397, 15, 432, 1, 0.6320232147054056),
(1398, 15, 795, 1, 1.4771212547196624),
(1399, 15, 7, 1, 0.1549019599857432),
(1400, 15, 156, 5, 3.494850021680094),
(1401, 15, 522, 1, 1),
(1402, 15, 23, 1, 0.3979400086720376),
(1403, 15, 241, 5, 1.989700043360188),
(1404, 15, 796, 1, 1.4771212547196624),
(1405, 15, 229, 2, 1.2640464294108111),
(1406, 15, 797, 1, 1.1760912590556813),
(1407, 15, 515, 1, 0.5228787452803376),
(1408, 15, 38, 2, 0.9542425094393249),
(1409, 15, 798, 2, 2.3521825181113627),
(1410, 15, 132, 1, 0.5228787452803376),
(1411, 15, 195, 1, 1),
(1412, 15, 37, 1, 0.47712125471966244),
(1413, 15, 748, 1, 0.6989700043360189),
(1414, 15, 31, 1, 0.5228787452803376),
(1415, 15, 120, 1, 0.6989700043360189),
(1416, 15, 799, 1, 1.4771212547196624),
(1417, 15, 21, 1, 0.47712125471966244),
(1418, 15, 18, 1, 0.43572856956143735),
(1419, 15, 193, 1, 1.1760912590556813),
(1420, 15, 800, 1, 1.4771212547196624),
(1421, 15, 333, 1, 0.7781512503836436),
(1422, 15, 185, 1, 0.5228787452803376),
(1423, 15, 147, 1, 0.7781512503836436),
(1424, 15, 47, 1, 0.6320232147054056),
(1425, 15, 801, 1, 1),
(1426, 15, 802, 1, 1.4771212547196624),
(1427, 15, 803, 1, 1.1760912590556813),
(1428, 15, 469, 1, 0.7781512503836436),
(1429, 15, 209, 1, 0.7781512503836436),
(1430, 15, 41, 1, 0.3010299956639812),
(1431, 15, 108, 1, 0.1549019599857432),
(1432, 15, 804, 1, 1.4771212547196624),
(1433, 15, 320, 1, 1),
(1434, 15, 805, 1, 1.4771212547196624),
(1435, 15, 325, 1, 1),
(1436, 15, 60, 1, 0.6989700043360189),
(1437, 15, 61, 1, 1.1760912590556813),
(1438, 15, 144, 1, 0.8750612633917001),
(1439, 16, 372, 2, 1.7501225267834002),
(1440, 16, 31, 3, 1.5686362358410129),
(1441, 16, 93, 4, 4),
(1442, 16, 94, 4, 2.2961250709108754),
(1443, 16, 4, 1, 0.17609125905568124),
(1444, 16, 415, 2, 1.5563025007672873),
(1445, 16, 288, 5, 3.160116073527028),
(1446, 16, 235, 5, 3.160116073527028),
(1447, 16, 267, 1, 0.5740312677277188),
(1448, 16, 806, 2, 2.9542425094393248),
(1449, 16, 499, 1, 1.1760912590556813),
(1450, 16, 374, 1, 0.3631779024128256),
(1451, 16, 807, 1, 1.4771212547196624),
(1452, 16, 527, 1, 1.1760912590556813),
(1453, 16, 578, 1, 0.47712125471966244),
(1454, 16, 495, 1, 0.5228787452803376),
(1455, 16, 582, 1, 1.1760912590556813),
(1456, 16, 808, 1, 1.1760912590556813),
(1457, 16, 533, 1, 0.8750612633917001),
(1458, 16, 156, 1, 0.6989700043360189),
(1459, 16, 809, 1, 1.4771212547196624),
(1460, 16, 89, 1, 1.1760912590556813);
INSERT INTO `detail_indexes` (`id`, `books_id`, `inverted_books_id`, `freq`, `weight`) VALUES
(1461, 16, 810, 1, 1.4771212547196624),
(1462, 16, 185, 1, 0.5228787452803376),
(1463, 16, 7, 1, 0.1549019599857432),
(1464, 16, 419, 1, 1.1760912590556813),
(1465, 16, 449, 2, 2),
(1466, 16, 137, 2, 1.0457574905606752),
(1467, 16, 136, 1, 0.6989700043360189),
(1468, 16, 516, 2, 1.3979400086720377),
(1469, 16, 565, 2, 1.7501225267834002),
(1470, 16, 104, 1, 1.1760912590556813),
(1471, 16, 811, 1, 1.4771212547196624),
(1472, 16, 472, 1, 1),
(1473, 16, 510, 1, 1.1760912590556813),
(1474, 16, 812, 1, 1.1760912590556813),
(1475, 16, 813, 2, 2.9542425094393248),
(1476, 16, 110, 1, 0.6320232147054056),
(1477, 16, 814, 1, 1.4771212547196624),
(1478, 16, 815, 1, 1.4771212547196624),
(1479, 16, 816, 1, 1.4771212547196624),
(1480, 16, 817, 1, 1.4771212547196624),
(1481, 16, 818, 1, 1.4771212547196624),
(1482, 16, 88, 1, 0.8750612633917001),
(1483, 16, 108, 1, 0.1549019599857432),
(1484, 16, 95, 1, 1),
(1485, 16, 84, 2, 2.3521825181113627),
(1486, 16, 37, 2, 0.9542425094393249),
(1487, 16, 5, 3, 1.3071857086843122),
(1488, 16, 290, 2, 2.3521825181113627),
(1489, 16, 295, 1, 0.7781512503836436),
(1490, 16, 819, 1, 1.4771212547196624),
(1491, 16, 801, 1, 1),
(1492, 16, 820, 1, 1.4771212547196624),
(1493, 16, 199, 1, 1.1760912590556813),
(1494, 16, 821, 1, 1.4771212547196624),
(1495, 16, 135, 1, 1.1760912590556813),
(1496, 16, 822, 1, 1.4771212547196624),
(1497, 16, 120, 1, 0.6989700043360189),
(1498, 16, 823, 1, 1),
(1499, 17, 824, 3, 3.528273777167044),
(1500, 17, 825, 2, 2.3521825181113627),
(1501, 17, 826, 1, 1),
(1502, 17, 545, 1, 0.7781512503836436),
(1503, 17, 827, 1, 1.4771212547196624),
(1504, 17, 828, 1, 1.4771212547196624),
(1505, 17, 3, 1, 0.3010299956639812),
(1506, 17, 4, 1, 0.17609125905568124),
(1507, 17, 829, 1, 1.4771212547196624),
(1508, 17, 555, 1, 0.8750612633917001),
(1509, 17, 766, 1, 1.1760912590556813),
(1510, 17, 108, 1, 0.1549019599857432),
(1511, 17, 830, 1, 1.4771212547196624),
(1512, 17, 831, 1, 1.4771212547196624),
(1513, 17, 832, 1, 1.1760912590556813),
(1514, 17, 7, 1, 0.1549019599857432),
(1515, 17, 478, 1, 1.1760912590556813),
(1516, 17, 399, 1, 0.7781512503836436),
(1517, 17, 578, 1, 0.47712125471966244),
(1518, 17, 652, 1, 1.1760912590556813),
(1519, 17, 229, 1, 0.6320232147054056),
(1520, 17, 833, 1, 1.1760912590556813),
(1521, 17, 18, 1, 0.43572856956143735),
(1522, 17, 373, 1, 0.5740312677277188),
(1523, 17, 33, 1, 0.6989700043360189),
(1524, 17, 834, 1, 1.4771212547196624),
(1525, 17, 835, 1, 1.4771212547196624),
(1526, 17, 836, 1, 1.4771212547196624),
(1527, 17, 428, 1, 0.8750612633917001),
(1528, 17, 837, 1, NULL),
(1529, 17, 838, 1, NULL),
(1530, 17, 839, 1, NULL),
(1531, 17, 840, 1, NULL),
(1532, 17, 841, 1, NULL),
(1533, 17, 842, 1, NULL),
(1534, 17, 843, 1, NULL),
(1535, 17, 844, 1, NULL),
(1536, 17, 120, 1, 0.6989700043360189),
(1537, 17, 845, 1, NULL),
(1538, 17, 426, 1, 0.6320232147054056),
(1539, 18, 846, 3, NULL),
(1540, 18, 847, 1, NULL),
(1541, 18, 3, 2, 0.6020599913279624),
(1542, 18, 4, 6, 1.0565475543340874),
(1543, 18, 6, 1, 0.27300127206373764),
(1544, 18, 606, 1, 1),
(1545, 18, 848, 2, NULL),
(1546, 18, 849, 3, NULL),
(1547, 18, 850, 1, NULL),
(1548, 18, 594, 1, 1),
(1549, 18, 851, 1, NULL),
(1550, 18, 852, 1, NULL),
(1551, 18, 853, 1, NULL),
(1552, 18, 854, 1, NULL),
(1553, 18, 855, 1, NULL),
(1554, 18, 856, 1, NULL),
(1555, 18, 857, 2, NULL),
(1556, 18, 858, 1, NULL),
(1557, 18, 124, 1, 1.1760912590556813),
(1558, 18, 632, 1, 1),
(1559, 18, 633, 1, 0.8750612633917001),
(1560, 18, 7, 1, 0.1549019599857432),
(1561, 18, 160, 2, 1.2640464294108111),
(1562, 18, 859, 1, NULL),
(1563, 18, 860, 1, NULL),
(1564, 18, 861, 1, NULL),
(1565, 18, 862, 1, NULL),
(1566, 18, 241, 1, 0.3979400086720376),
(1567, 18, 863, 1, NULL),
(1568, 18, 864, 1, NULL),
(1569, 18, 865, 1, NULL),
(1570, 18, 866, 1, NULL),
(1571, 18, 867, 1, NULL),
(1572, 18, 868, 1, NULL),
(1573, 18, 374, 1, 0.3631779024128256),
(1574, 18, 869, 1, NULL),
(1575, 18, 305, 1, 1.1760912590556813),
(1576, 18, 870, 4, NULL),
(1577, 18, 76, 1, 1.1760912590556813),
(1578, 18, 871, 1, NULL),
(1579, 18, 872, 1, NULL),
(1580, 18, 873, 1, NULL),
(1581, 18, 874, 1, NULL),
(1582, 18, 875, 1, NULL),
(1583, 18, 641, 1, 1.1760912590556813),
(1584, 18, 876, 1, NULL),
(1585, 18, 877, 1, NULL),
(1586, 18, 119, 1, 0.8750612633917001),
(1587, 18, 878, 1, NULL),
(1588, 18, 879, 1, NULL),
(1589, 18, 880, 1, NULL),
(1590, 18, 108, 1, 0.1549019599857432),
(1591, 18, 23, 1, 0.3979400086720376),
(1592, 18, 881, 1, NULL),
(1593, 18, 430, 1, 0.6989700043360189),
(1594, 18, 882, 1, NULL),
(1595, 18, 883, 1, NULL),
(1596, 18, 261, 1, 0.6989700043360189),
(1597, 18, 884, 1, NULL),
(1598, 18, 885, 1, NULL),
(1599, 18, 886, 1, NULL),
(1600, 18, 40, 1, 0.43572856956143735),
(1601, 18, 48, 1, 1.1760912590556813),
(1602, 18, 140, 1, 0.3631779024128256),
(1603, 18, 887, 1, NULL),
(1604, 18, 399, 1, 0.7781512503836436),
(1605, 18, 398, 1, 0.6989700043360189),
(1606, 18, 581, 1, 1.1760912590556813),
(1607, 18, 888, 1, NULL),
(1608, 18, 889, 1, NULL),
(1609, 18, 890, 1, NULL),
(1610, 18, 891, 1, NULL),
(1611, 18, 33, 1, 0.6989700043360189),
(1612, 18, 801, 1, 1),
(1613, 18, 29, 1, 0.43572856956143735),
(1614, 18, 586, 1, 1),
(1615, 18, 44, 1, 1.1760912590556813),
(1616, 18, 21, 1, 0.47712125471966244),
(1617, 18, 892, 2, NULL),
(1618, 18, 748, 1, 0.6989700043360189),
(1619, 18, 893, 1, NULL),
(1620, 18, 894, 2, NULL),
(1621, 18, 5, 1, 0.43572856956143735),
(1622, 18, 895, 1, NULL),
(1623, 18, 896, 1, NULL),
(1624, 18, 897, 1, NULL),
(1625, 18, 898, 1, NULL),
(1626, 18, 899, 1, NULL),
(1627, 19, 900, 1, NULL),
(1628, 19, 901, 1, NULL),
(1629, 19, 825, 2, 2.3521825181113627),
(1630, 19, 826, 1, 1),
(1631, 19, 545, 1, 0.7781512503836436),
(1632, 19, 902, 2, NULL),
(1633, 19, 903, 1, NULL),
(1634, 19, 904, 1, NULL),
(1635, 19, 905, 1, NULL),
(1636, 19, 265, 1, 1.1760912590556813),
(1637, 19, 374, 2, 0.7263558048256512),
(1638, 19, 824, 3, 3.528273777167044),
(1639, 19, 267, 2, 1.1480625354554377),
(1640, 19, 906, 1, NULL),
(1641, 19, 907, 1, NULL),
(1642, 19, 908, 1, NULL),
(1643, 19, 832, 3, 3.528273777167044),
(1644, 19, 72, 1, 0.47712125471966244),
(1645, 19, 140, 1, 0.3631779024128256),
(1646, 19, 404, 1, 0.6320232147054056),
(1647, 19, 909, 1, NULL),
(1648, 19, 910, 1, NULL),
(1649, 19, 911, 1, NULL),
(1650, 19, 912, 1, NULL),
(1651, 19, 913, 1, NULL),
(1652, 19, 892, 1, NULL),
(1653, 19, 914, 1, NULL),
(1654, 19, 915, 1, NULL),
(1655, 19, 916, 1, NULL),
(1656, 19, 917, 1, NULL),
(1657, 19, 918, 1, NULL),
(1658, 19, 919, 1, NULL),
(1659, 19, 134, 2, 1.2640464294108111),
(1660, 19, 920, 1, NULL),
(1661, 19, 94, 2, 1.1480625354554377),
(1662, 19, 93, 1, 1),
(1663, 19, 78, 1, 0.43572856956143735),
(1664, 19, 921, 1, NULL),
(1665, 19, 292, 1, 1),
(1666, 19, 922, 1, NULL),
(1667, 19, 198, 1, 0.5740312677277188),
(1668, 19, 511, 1, 0.8750612633917001),
(1669, 19, 136, 1, 0.6989700043360189),
(1670, 19, 923, 1, NULL),
(1671, 19, 924, 1, NULL),
(1672, 19, 88, 1, 0.8750612633917001),
(1673, 19, 176, 2, 1.7501225267834002),
(1674, 19, 925, 1, NULL),
(1675, 19, 926, 1, NULL),
(1676, 19, 107, 1, 0.7781512503836436),
(1677, 19, 927, 1, NULL),
(1678, 19, 928, 2, NULL),
(1679, 19, 165, 1, 1),
(1680, 19, 929, 1, NULL),
(1681, 19, 9, 1, 0.3979400086720376),
(1682, 19, 18, 1, 0.43572856956143735),
(1683, 19, 930, 1, NULL),
(1684, 19, 281, 1, 1),
(1685, 19, 201, 1, 0.5740312677277188),
(1686, 19, 295, 1, 0.7781512503836436),
(1687, 19, 21, 1, 0.47712125471966244),
(1688, 19, 931, 1, NULL),
(1689, 19, 932, 1, NULL),
(1690, 19, 50, 1, 1),
(1691, 19, 933, 1, NULL),
(1692, 19, 934, 1, NULL),
(1693, 19, 460, 1, 0.8750612633917001),
(1694, 19, 584, 1, 1),
(1695, 19, 713, 1, 1.1760912590556813),
(1696, 19, 935, 1, NULL),
(1697, 19, 936, 1, NULL),
(1698, 19, 937, 1, NULL),
(1699, 19, 938, 1, NULL),
(1700, 19, 939, 1, NULL),
(1701, 19, 79, 1, 0.6989700043360189),
(1702, 19, 940, 1, NULL),
(1703, 19, 512, 1, 1),
(1704, 19, 941, 1, NULL),
(1705, 20, 942, 1, NULL),
(1706, 20, 3, 1, 0.3010299956639812),
(1707, 20, 4, 3, 0.5282737771670437),
(1708, 20, 404, 1, 0.6320232147054056),
(1709, 20, 7, 3, 0.46470587995722956),
(1710, 20, 288, 1, 0.6320232147054056),
(1711, 20, 9, 3, 1.193820026016113),
(1712, 20, 943, 4, NULL),
(1713, 20, 944, 1, NULL),
(1714, 20, 72, 3, 1.4313637641589874),
(1715, 20, 156, 2, 1.3979400086720377),
(1716, 20, 578, 2, 0.9542425094393249),
(1717, 20, 833, 1, 1.1760912590556813),
(1718, 20, 23, 1, 0.3979400086720376),
(1719, 20, 94, 1, 0.5740312677277188),
(1720, 20, 495, 1, 0.5228787452803376),
(1721, 20, 945, 1, NULL),
(1722, 20, 80, 1, 0.6989700043360189),
(1723, 20, 588, 1, 1),
(1724, 20, 808, 1, 1.1760912590556813),
(1725, 20, 946, 1, NULL),
(1726, 20, 947, 1, NULL),
(1727, 20, 511, 1, 0.8750612633917001),
(1728, 20, 145, 1, 0.7781512503836436),
(1729, 20, 516, 3, 2.0969100130080567),
(1730, 20, 618, 1, 1.1760912590556813),
(1731, 20, 391, 1, 1),
(1732, 20, 56, 1, 0.3631779024128256),
(1733, 20, 633, 1, 0.8750612633917001),
(1734, 20, 160, 1, 0.6320232147054056),
(1735, 20, 91, 2, 1.5563025007672873),
(1736, 20, 948, 1, NULL),
(1737, 20, 37, 1, 0.47712125471966244),
(1738, 20, 65, 1, 1.1760912590556813),
(1739, 20, 949, 1, NULL),
(1740, 20, 398, 1, 0.6989700043360189),
(1741, 20, 950, 2, NULL),
(1742, 20, 951, 1, NULL),
(1743, 20, 952, 1, NULL),
(1744, 20, 953, 1, NULL),
(1745, 20, 29, 1, 0.43572856956143735),
(1746, 20, 954, 1, NULL),
(1747, 20, 25, 1, 0.6320232147054056),
(1748, 20, 139, 1, 1),
(1749, 20, 388, 1, 1.1760912590556813),
(1750, 20, 140, 1, 0.3631779024128256),
(1751, 20, 955, 1, NULL),
(1752, 21, 956, 2, NULL),
(1753, 21, 957, 5, NULL),
(1754, 21, 6, 1, 0.27300127206373764),
(1755, 21, 958, 1, NULL),
(1756, 21, 910, 1, NULL),
(1757, 21, 415, 2, 1.5563025007672873),
(1758, 21, 229, 2, 1.2640464294108111),
(1759, 21, 959, 2, NULL),
(1760, 21, 9, 1, 0.3979400086720376),
(1761, 21, 960, 5, NULL),
(1762, 21, 241, 2, 0.7958800173440752),
(1763, 21, 564, 2, 2),
(1764, 21, 156, 4, 2.7958800173440754),
(1765, 21, 40, 3, 1.3071857086843122),
(1766, 21, 310, 1, 0.8750612633917001),
(1767, 21, 961, 1, NULL),
(1768, 21, 332, 1, 1.1760912590556813),
(1769, 21, 16, 1, 0.8750612633917001),
(1770, 21, 178, 1, 1),
(1771, 21, 962, 1, NULL),
(1772, 21, 758, 1, 1.1760912590556813),
(1773, 21, 963, 1, NULL),
(1774, 21, 191, 1, 0.6320232147054056),
(1775, 21, 426, 1, 0.6320232147054056),
(1776, 21, 322, 1, 0.5228787452803376),
(1777, 21, 507, 1, 0.7781512503836436),
(1778, 21, 81, 1, 0.8750612633917001),
(1779, 21, 248, 1, 0.5740312677277188),
(1780, 21, 335, 3, 3.528273777167044),
(1781, 21, 964, 3, NULL),
(1782, 21, 365, 1, 1),
(1783, 21, 72, 1, 0.47712125471966244),
(1784, 21, 578, 1, 0.47712125471966244),
(1785, 21, 134, 1, 0.6320232147054056),
(1786, 21, 611, 1, 1),
(1787, 21, 78, 1, 0.43572856956143735),
(1788, 21, 965, 1, NULL),
(1789, 21, 966, 1, NULL),
(1790, 21, 967, 1, NULL),
(1791, 21, 94, 1, 0.5740312677277188),
(1792, 21, 86, 1, 0.6989700043360189),
(1793, 21, 409, 1, 0.8750612633917001),
(1794, 21, 968, 2, NULL),
(1795, 21, 969, 2, NULL),
(1796, 21, 970, 2, NULL),
(1797, 21, 7, 2, 0.3098039199714864),
(1798, 21, 971, 1, NULL),
(1799, 21, 267, 1, 0.5740312677277188),
(1800, 21, 972, 1, NULL),
(1801, 21, 167, 2, 1.2640464294108111),
(1802, 21, 788, 1, 1.1760912590556813),
(1803, 21, 92, 2, 1.5563025007672873),
(1804, 21, 182, 1, 0.8750612633917001),
(1805, 21, 449, 1, 1),
(1806, 21, 80, 1, 0.6989700043360189),
(1807, 21, 108, 1, 0.1549019599857432),
(1808, 21, 823, 1, 1),
(1809, 21, 289, 1, 0.7781512503836436),
(1810, 21, 973, 1, NULL),
(1811, 22, 974, 1, NULL),
(1812, 22, 975, 1, NULL),
(1813, 22, 976, 1, NULL),
(1814, 22, 3, 3, 0.9030899869919435),
(1815, 22, 11, 1, 0.7781512503836436),
(1816, 22, 322, 1, 0.5228787452803376),
(1817, 22, 23, 1, 0.3979400086720376),
(1818, 22, 977, 1, NULL),
(1819, 22, 978, 1, NULL),
(1820, 22, 622, 1, 1),
(1821, 22, 498, 1, 1.1760912590556813),
(1822, 22, 979, 1, NULL),
(1823, 22, 102, 1, 1),
(1824, 22, 253, 1, 1),
(1825, 22, 980, 2, NULL),
(1826, 22, 4, 1, 0.17609125905568124),
(1827, 22, 374, 1, 0.3631779024128256),
(1828, 22, 981, 1, NULL),
(1829, 22, 982, 1, NULL),
(1830, 22, 983, 1, NULL),
(1831, 22, 984, 1, NULL),
(1832, 22, 460, 1, 0.8750612633917001),
(1833, 22, 985, 1, NULL),
(1834, 23, 986, 1, NULL),
(1835, 23, 975, 2, NULL),
(1836, 23, 987, 1, NULL),
(1837, 23, 4, 2, 0.3521825181113625),
(1838, 23, 974, 1, NULL),
(1839, 23, 976, 1, NULL),
(1840, 23, 988, 1, NULL),
(1841, 23, 5, 1, 0.43572856956143735),
(1842, 23, 462, 3, 3.528273777167044),
(1843, 23, 989, 3, NULL),
(1844, 23, 373, 1, 0.5740312677277188),
(1845, 23, 28, 1, 0.5740312677277188),
(1846, 23, 110, 1, 0.6320232147054056),
(1847, 23, 990, 3, NULL),
(1848, 23, 991, 1, NULL),
(1849, 23, 74, 2, 2),
(1850, 23, 992, 1, NULL),
(1851, 23, 522, 1, 1),
(1852, 23, 993, 1, NULL),
(1853, 23, 994, 1, NULL),
(1854, 23, 995, 1, NULL),
(1855, 23, 25, 1, 0.6320232147054056),
(1856, 23, 612, 1, 1),
(1857, 23, 38, 1, 0.47712125471966244),
(1858, 23, 69, 1, 1),
(1859, 23, 415, 2, 1.5563025007672873),
(1860, 23, 578, 1, 0.47712125471966244),
(1861, 23, 797, 1, 1.1760912590556813),
(1862, 23, 78, 3, 1.3071857086843122),
(1863, 23, 21, 1, 0.47712125471966244),
(1864, 23, 996, 1, NULL),
(1865, 23, 358, 1, 1),
(1866, 23, 997, 1, NULL),
(1867, 23, 701, 1, 1.1760912590556813),
(1868, 23, 998, 1, NULL),
(1869, 23, 999, 1, NULL),
(1870, 23, 107, 1, 0.7781512503836436),
(1871, 23, 1000, 1, NULL),
(1872, 23, 1001, 1, NULL),
(1873, 23, 516, 1, 0.6989700043360189),
(1874, 23, 439, 1, 0.8750612633917001),
(1875, 23, 1002, 1, NULL),
(1876, 23, 1003, 1, NULL),
(1877, 24, 1004, 2, NULL),
(1878, 24, 826, 2, 2),
(1879, 24, 442, 2, 2),
(1880, 24, 1005, 2, NULL),
(1881, 24, 1006, 2, NULL),
(1882, 24, 3, 2, 0.6020599913279624),
(1883, 24, 13, 1, 0.6989700043360189),
(1884, 24, 622, 1, 1),
(1885, 24, 1007, 1, NULL),
(1886, 24, 971, 1, NULL),
(1887, 24, 529, 1, 1),
(1888, 24, 1008, 1, NULL),
(1889, 24, 1009, 1, NULL),
(1890, 24, 1010, 1, NULL),
(1891, 24, 1011, 1, NULL),
(1892, 24, 4, 2, 0.3521825181113625),
(1893, 24, 1012, 3, NULL),
(1894, 24, 1013, 2, NULL),
(1895, 24, 28, 2, 1.1480625354554377),
(1896, 24, 235, 1, 0.6320232147054056),
(1897, 24, 1014, 1, NULL),
(1898, 24, 1015, 1, NULL),
(1899, 24, 18, 1, 0.43572856956143735),
(1900, 24, 140, 2, 0.7263558048256512),
(1901, 24, 267, 1, 0.5740312677277188),
(1902, 24, 1016, 1, NULL),
(1903, 24, 167, 2, 1.2640464294108111),
(1904, 24, 590, 1, 0.7781512503836436),
(1905, 24, 515, 1, 0.5228787452803376),
(1906, 24, 586, 1, 1),
(1907, 24, 314, 1, 0.8750612633917001),
(1908, 24, 378, 1, 1),
(1909, 24, 737, 1, 1.1760912590556813),
(1910, 24, 198, 1, 0.5740312677277188),
(1911, 24, 33, 1, 0.6989700043360189),
(1912, 24, 108, 1, 0.1549019599857432),
(1913, 24, 21, 1, 0.47712125471966244),
(1914, 24, 748, 1, 0.6989700043360189),
(1915, 24, 513, 1, 0.7781512503836436),
(1916, 24, 491, 1, 0.8750612633917001),
(1917, 24, 719, 1, 1.1760912590556813),
(1918, 24, 1017, 1, NULL),
(1919, 24, 38, 1, 0.47712125471966244),
(1920, 25, 1018, 1, NULL),
(1921, 25, 1019, 1, NULL),
(1922, 25, 1020, 1, NULL),
(1923, 25, 3, 1, 0.3010299956639812),
(1924, 25, 4, 2, 0.3521825181113625),
(1925, 25, 6, 1, 0.27300127206373764),
(1926, 25, 486, 4, 4.704365036222725),
(1927, 25, 1021, 4, NULL),
(1928, 25, 508, 1, 1),
(1929, 25, 72, 1, 0.47712125471966244),
(1930, 25, 165, 1, 1),
(1931, 25, 401, 1, 1),
(1932, 25, 161, 1, 0.6320232147054056),
(1933, 25, 5, 1, 0.43572856956143735),
(1934, 25, 223, 1, 0.6320232147054056),
(1935, 25, 241, 1, 0.3979400086720376),
(1936, 25, 589, 1, 1.1760912590556813),
(1937, 25, 513, 1, 0.7781512503836436),
(1938, 25, 753, 1, 1.1760912590556813),
(1939, 25, 604, 1, 0.6989700043360189),
(1940, 25, 38, 1, 0.47712125471966244),
(1941, 25, 564, 1, 1),
(1942, 25, 16, 1, 0.8750612633917001),
(1943, 25, 110, 1, 0.6320232147054056),
(1944, 25, 432, 1, 0.6320232147054056),
(1945, 25, 41, 1, 0.3010299956639812),
(1946, 25, 1022, 1, NULL),
(1947, 25, 1023, 1, NULL),
(1948, 25, 219, 1, 0.6989700043360189),
(1949, 25, 276, 1, 0.6320232147054056),
(1950, 25, 86, 1, 0.6989700043360189),
(1951, 25, 172, 1, 1.1760912590556813),
(1952, 25, 318, 1, 0.7781512503836436),
(1953, 25, 164, 1, 0.6989700043360189),
(1954, 25, 108, 1, 0.1549019599857432),
(1955, 25, 1024, 1, NULL),
(1956, 26, 545, 1, 0.7781512503836436),
(1957, 26, 1025, 1, NULL),
(1958, 26, 1026, 1, NULL),
(1959, 26, 1027, 1, NULL),
(1960, 26, 3, 1, 0.3010299956639812),
(1961, 26, 4, 1, 0.17609125905568124),
(1962, 26, 6, 1, 0.27300127206373764),
(1963, 26, 398, 1, 0.6989700043360189),
(1964, 26, 1028, 5, NULL),
(1965, 26, 1029, 3, NULL),
(1966, 26, 263, 2, 1.3979400086720377),
(1967, 26, 590, 1, 0.7781512503836436),
(1968, 26, 450, 1, 1.1760912590556813),
(1969, 26, 132, 2, 1.0457574905606752),
(1970, 26, 404, 1, 0.6320232147054056),
(1971, 26, 229, 2, 1.2640464294108111),
(1972, 26, 91, 1, 0.7781512503836436),
(1973, 26, 20, 1, 1),
(1974, 26, 223, 1, 0.6320232147054056),
(1975, 26, 314, 1, 0.8750612633917001),
(1976, 26, 1030, 1, NULL),
(1977, 26, 507, 1, 0.7781512503836436),
(1978, 26, 1031, 1, NULL),
(1979, 26, 198, 1, 0.5740312677277188),
(1980, 26, 47, 1, 0.6320232147054056),
(1981, 26, 331, 1, 0.7781512503836436),
(1982, 26, 1032, 1, NULL),
(1983, 26, 206, 1, 1.1760912590556813),
(1984, 26, 374, 1, 0.3631779024128256),
(1985, 26, 1033, 1, NULL),
(1986, 26, 1034, 1, NULL),
(1987, 27, 1035, 5, NULL),
(1988, 27, 1036, 2, NULL),
(1989, 27, 1037, 2, NULL),
(1990, 27, 1038, 2, NULL),
(1991, 27, 1039, 1, NULL),
(1992, 27, 439, 1, 0.8750612633917001),
(1993, 27, 1040, 1, NULL),
(1994, 27, 1041, 1, NULL),
(1995, 27, 373, 1, 0.5740312677277188),
(1996, 27, 110, 1, 0.6320232147054056),
(1997, 27, 415, 2, 1.5563025007672873),
(1998, 27, 924, 2, NULL),
(1999, 27, 730, 1, 1.1760912590556813),
(2000, 27, 970, 1, NULL),
(2001, 27, 487, 1, 1),
(2002, 27, 1042, 1, NULL),
(2003, 27, 1043, 1, NULL),
(2004, 27, 185, 1, 0.5228787452803376),
(2005, 27, 1044, 2, NULL),
(2006, 27, 7, 2, 0.3098039199714864),
(2007, 27, 692, 2, 2.3521825181113627),
(2008, 27, 1045, 1, NULL),
(2009, 27, 459, 1, 1.1760912590556813),
(2010, 27, 1046, 1, NULL),
(2011, 27, 598, 1, 0.7781512503836436),
(2012, 27, 46, 1, 0.7781512503836436),
(2013, 27, 29, 1, 0.43572856956143735),
(2014, 27, 47, 1, 0.6320232147054056),
(2015, 27, 372, 2, 1.7501225267834002),
(2016, 27, 324, 1, 1),
(2017, 27, 108, 1, 0.1549019599857432),
(2018, 27, 1047, 1, NULL),
(2019, 27, 28, 1, 0.5740312677277188),
(2020, 27, 495, 1, 0.5228787452803376),
(2021, 27, 140, 1, 0.3631779024128256),
(2022, 27, 1048, 1, NULL),
(2023, 27, 969, 1, NULL),
(2024, 27, 430, 1, 0.6989700043360189),
(2025, 27, 742, 1, 1),
(2026, 27, 1049, 1, NULL),
(2027, 27, 94, 1, 0.5740312677277188),
(2028, 27, 161, 1, 0.6320232147054056),
(2029, 27, 17, 1, 1),
(2030, 27, 432, 1, 0.6320232147054056),
(2031, 27, 235, 1, 0.6320232147054056),
(2032, 27, 555, 1, 0.8750612633917001),
(2033, 27, 959, 1, NULL),
(2034, 27, 1050, 1, NULL),
(2035, 27, 1051, 1, NULL),
(2036, 27, 163, 1, 0.6989700043360189),
(2037, 27, 1052, 1, NULL),
(2038, 27, 1053, 1, NULL),
(2039, 28, 292, 1, 1),
(2040, 28, 1054, 1, NULL),
(2041, 28, 1055, 1, NULL),
(2042, 28, 1056, 1, NULL),
(2043, 28, 1057, 2, NULL),
(2044, 28, 626, 1, 1.1760912590556813),
(2045, 28, 7, 1, 0.1549019599857432),
(2046, 28, 555, 1, 0.8750612633917001),
(2047, 28, 27, 1, 0.8750612633917001),
(2048, 28, 1058, 1, NULL),
(2049, 28, 1059, 5, NULL),
(2050, 28, 1060, 1, NULL),
(2051, 28, 224, 1, 1.1760912590556813),
(2052, 28, 161, 1, 0.6320232147054056),
(2053, 28, 289, 1, 0.7781512503836436),
(2054, 28, 584, 1, 1),
(2055, 28, 1061, 1, NULL),
(2056, 28, 6, 2, 0.5460025441274753),
(2057, 28, 4, 2, 0.3521825181113625),
(2058, 28, 1062, 2, NULL),
(2059, 28, 368, 1, 1.1760912590556813),
(2060, 28, 892, 1, NULL),
(2061, 28, 67, 1, 0.8750612633917001),
(2062, 28, 333, 1, 0.7781512503836436),
(2063, 28, 803, 1, 1.1760912590556813),
(2064, 28, 823, 1, 1),
(2065, 28, 722, 1, 1.1760912590556813),
(2066, 28, 972, 1, NULL),
(2067, 28, 968, 1, NULL),
(2068, 28, 1063, 2, NULL),
(2069, 28, 78, 1, 0.43572856956143735),
(2070, 28, 238, 1, 1.1760912590556813),
(2071, 28, 578, 2, 0.9542425094393249),
(2072, 28, 666, 1, 1.1760912590556813),
(2073, 28, 1064, 1, NULL),
(2074, 28, 849, 2, NULL),
(2075, 28, 198, 1, 0.5740312677277188),
(2076, 28, 1065, 1, NULL),
(2077, 28, 463, 1, 1),
(2078, 28, 1066, 1, NULL),
(2079, 28, 1067, 1, NULL),
(2080, 28, 9, 1, 0.3979400086720376),
(2081, 28, 257, 1, 0.8750612633917001),
(2082, 28, 261, 2, 1.3979400086720377),
(2083, 28, 757, 1, 1.1760912590556813),
(2084, 28, 56, 1, 0.3631779024128256),
(2085, 28, 3, 1, 0.3010299956639812),
(2086, 28, 25, 1, 0.6320232147054056),
(2087, 28, 41, 2, 0.6020599913279624),
(2088, 28, 533, 1, 0.8750612633917001),
(2089, 28, 143, 1, 1),
(2090, 28, 432, 2, 1.2640464294108111),
(2091, 28, 137, 1, 0.5228787452803376),
(2092, 28, 410, 1, 1),
(2093, 28, 152, 1, 1),
(2094, 28, 1068, 1, NULL),
(2095, 28, 515, 1, 0.5228787452803376),
(2096, 29, 1069, 1, NULL),
(2097, 29, 1070, 1, NULL),
(2098, 29, 545, 1, 0.7781512503836436),
(2099, 29, 1071, 1, NULL),
(2100, 29, 1072, 1, NULL),
(2101, 29, 1073, 1, NULL),
(2102, 29, 7, 3, 0.46470587995722956),
(2103, 29, 288, 3, 1.8960696441162166),
(2104, 29, 79, 2, 1.3979400086720377),
(2105, 29, 495, 1, 0.5228787452803376),
(2106, 29, 1074, 1, NULL),
(2107, 29, 322, 2, 1.0457574905606752),
(2108, 29, 23, 2, 0.7958800173440752),
(2109, 29, 588, 1, 1),
(2110, 29, 1075, 1, NULL),
(2111, 29, 1076, 1, NULL),
(2112, 29, 240, 1, 1.1760912590556813),
(2113, 29, 378, 1, 1),
(2114, 29, 106, 1, 0.7781512503836436),
(2115, 29, 1077, 1, NULL),
(2116, 29, 248, 6, 3.444187606366313),
(2117, 29, 1078, 12, NULL),
(2118, 29, 132, 2, 1.0457574905606752),
(2119, 29, 603, 1, 1.1760912590556813),
(2120, 29, 604, 1, 0.6989700043360189),
(2121, 29, 590, 1, 0.7781512503836436),
(2122, 29, 45, 3, 2.3344537511509307),
(2123, 29, 1079, 2, NULL),
(2124, 29, 191, 1, 0.6320232147054056),
(2125, 29, 1080, 2, NULL),
(2126, 29, 812, 1, 1.1760912590556813),
(2127, 29, 47, 1, 0.6320232147054056),
(2128, 29, 1081, 2, NULL),
(2129, 29, 431, 1, 1),
(2130, 29, 5, 1, 0.43572856956143735),
(2131, 29, 123, 1, 1),
(2132, 29, 1082, 1, NULL),
(2133, 29, 493, 1, 1.1760912590556813),
(2134, 29, 307, 1, 1.1760912590556813),
(2135, 29, 331, 1, 0.7781512503836436),
(2136, 29, 798, 1, 1.1760912590556813),
(2137, 29, 374, 1, 0.3631779024128256),
(2138, 29, 1083, 1, NULL),
(2139, 29, 517, 1, 1),
(2140, 29, 1084, 1, NULL),
(2141, 29, 1085, 1, NULL),
(2142, 29, 201, 1, 0.5740312677277188),
(2143, 29, 866, 2, NULL),
(2144, 29, 185, 2, 1.0457574905606752),
(2145, 29, 92, 1, 0.7781512503836436),
(2146, 29, 515, 2, 1.0457574905606752),
(2147, 29, 560, 1, 1),
(2148, 29, 120, 1, 0.6989700043360189),
(2149, 29, 1086, 1, NULL),
(2150, 29, 140, 3, 1.0895337072384768),
(2151, 29, 516, 2, 1.3979400086720377),
(2152, 29, 418, 1, 1.1760912590556813),
(2153, 29, 1087, 1, NULL),
(2154, 29, 1088, 1, NULL),
(2155, 29, 160, 1, 0.6320232147054056),
(2156, 29, 289, 2, 1.5563025007672873),
(2157, 29, 487, 1, 1),
(2158, 29, 1089, 1, NULL),
(2159, 29, 1090, 5, NULL),
(2160, 29, 497, 2, 1.7501225267834002),
(2161, 29, 1091, 1, NULL),
(2162, 29, 1092, 1, NULL),
(2163, 29, 941, 1, NULL),
(2164, 29, 1093, 1, NULL),
(2165, 29, 1094, 1, NULL),
(2166, 29, 490, 1, 1.1760912590556813),
(2167, 29, 1095, 2, NULL),
(2168, 29, 1064, 2, NULL),
(2169, 29, 762, 1, 1.1760912590556813),
(2170, 29, 1096, 1, NULL),
(2171, 29, 723, 1, 1),
(2172, 29, 287, 1, 0.7781512503836436),
(2173, 29, 33, 1, 0.6989700043360189),
(2174, 29, 485, 1, 1.1760912590556813),
(2175, 29, 73, 1, 0.6989700043360189),
(2176, 29, 1097, 1, NULL),
(2177, 29, 677, 1, 1),
(2178, 29, 1098, 1, NULL),
(2179, 29, 1099, 1, NULL),
(2180, 29, 1100, 1, NULL),
(2181, 29, 1101, 1, NULL),
(2182, 29, 31, 1, 0.5228787452803376),
(2183, 29, 513, 1, 0.7781512503836436),
(2184, 29, 209, 2, 1.5563025007672873),
(2185, 29, 194, 1, 1.1760912590556813),
(2186, 29, 267, 1, 0.5740312677277188),
(2187, 29, 249, 1, 1),
(2188, 29, 211, 1, 0.8750612633917001),
(2189, 29, 38, 2, 0.9542425094393249),
(2190, 29, 192, 1, 1),
(2191, 29, 598, 1, 0.7781512503836436),
(2192, 29, 1102, 1, NULL),
(2193, 29, 41, 1, 0.3010299956639812),
(2194, 29, 512, 1, 1),
(2195, 29, 143, 1, 1),
(2196, 29, 108, 1, 0.1549019599857432),
(2197, 29, 1103, 1, NULL),
(2198, 29, 399, 1, 0.7781512503836436),
(2199, 29, 372, 1, 0.8750612633917001),
(2200, 29, 1104, 1, NULL),
(2201, 30, 1105, 1, NULL),
(2202, 30, 1106, 1, NULL),
(2203, 30, 1107, 1, NULL),
(2204, 30, 3, 1, 0.3010299956639812),
(2205, 30, 4, 1, 0.17609125905568124),
(2206, 30, 6, 1, 0.27300127206373764),
(2207, 30, 56, 3, 1.0895337072384768),
(2208, 30, 491, 2, 1.7501225267834002),
(2209, 30, 67, 2, 1.7501225267834002),
(2210, 30, 318, 1, 0.7781512503836436),
(2211, 30, 1108, 1, NULL),
(2212, 30, 153, 1, 1.1760912590556813),
(2213, 30, 1109, 1, NULL),
(2214, 30, 373, 2, 1.1480625354554377),
(2215, 30, 1110, 1, NULL),
(2216, 30, 241, 1, 0.3979400086720376),
(2217, 30, 1111, 1, NULL),
(2218, 30, 432, 1, 0.6320232147054056),
(2219, 30, 1112, 1, NULL),
(2220, 30, 374, 1, 0.3631779024128256),
(2221, 30, 31, 1, 0.5228787452803376),
(2222, 30, 195, 1, 1),
(2223, 30, 606, 1, 1),
(2224, 30, 107, 2, 1.5563025007672873),
(2225, 30, 167, 1, 0.6320232147054056),
(2226, 30, 1113, 1, NULL),
(2227, 30, 1114, 1, NULL),
(2228, 30, 1115, 1, NULL),
(2229, 30, 27, 1, 0.8750612633917001),
(2230, 30, 748, 1, 0.6989700043360189),
(2231, 30, 1116, 1, NULL),
(2232, 30, 21, 1, 0.47712125471966244),
(2233, 30, 108, 1, 0.1549019599857432),
(2234, 30, 322, 2, 1.0457574905606752),
(2235, 30, 23, 2, 0.7958800173440752),
(2236, 30, 590, 2, 1.5563025007672873),
(2237, 30, 1102, 1, NULL),
(2238, 30, 7, 1, 0.1549019599857432),
(2239, 30, 565, 1, 0.8750612633917001),
(2240, 30, 1117, 1, NULL),
(2241, 30, 1118, 1, NULL),
(2242, 30, 1119, 2, NULL),
(2243, 30, 1120, 1, NULL),
(2244, 30, 404, 1, 0.6320232147054056),
(2245, 30, 41, 1, 0.3010299956639812),
(2246, 30, 430, 1, 0.6989700043360189),
(2247, 30, 742, 1, 1),
(2248, 30, 1121, 1, NULL),
(2249, 30, 497, 1, 0.8750612633917001),
(2250, 30, 723, 1, 1);

-- --------------------------------------------------------

--
-- Table structure for table `inverted_books`
--

CREATE TABLE `inverted_books` (
  `id` bigint(20) UNSIGNED NOT NULL,
  `term` varchar(191) COLLATE utf8mb4_unicode_ci NOT NULL,
  `n_books` int(11) NOT NULL,
  `n_freq` int(11) NOT NULL,
  `idf` double DEFAULT NULL
) ENGINE=InnoDB DEFAULT CHARSET=utf8mb4 COLLATE=utf8mb4_unicode_ci;

--
-- Dumping data for table `inverted_books`
--

INSERT INTO `inverted_books` (`id`, `term`, `n_books`, `n_freq`, `idf`) VALUES
(1, 'dil', 3, 65, 1),
(2, '1990', 2, 2, 1.1760912590556813),
(3, 'novel', 15, 23, 0.3010299956639812),
(4, 'cerita', 20, 33, 0.17609125905568124),
(5, 'buah', 11, 16, 0.43572856956143735),
(6, 'kisah', 16, 21, 0.27300127206373764),
(7, 'orang', 21, 41, 0.1549019599857432),
(8, 'perempuan', 3, 3, 1),
(9, 'nama', 12, 25, 0.3979400086720376),
(10, 'milea', 3, 59, 1),
(11, 'rupa', 5, 6, 0.7781512503836436),
(12, 'murid', 2, 2, 1.1760912590556813),
(13, 'baru', 6, 9, 0.6989700043360189),
(14, 'pindah', 1, 1, 1.4771212547196624),
(15, 'jakarta', 2, 5, 1.1760912590556813),
(16, 'pergi', 4, 6, 0.8750612633917001),
(17, 'tuju', 3, 3, 1),
(18, 'sekolah', 11, 21, 0.43572856956143735),
(19, 'bandung', 2, 3, 1.1760912590556813),
(20, 'hampir', 3, 4, 1),
(21, 'teman', 10, 19, 0.47712125471966244),
(22, 'laki', 6, 11, 0.6989700043360189),
(23, 'satu', 12, 14, 0.3979400086720376),
(24, 'dengan', 2, 2, 1.1760912590556813),
(25, 'suka', 7, 8, 0.6320232147054056),
(26, 'ramal', 1, 2, 1.4771212547196624),
(27, 'kata', 4, 5, 0.8750612633917001),
(28, 'dua', 8, 14, 0.5740312677277188),
(29, 'temu', 11, 17, 0.43572856956143735),
(30, 'besok', 1, 1, 1.4771212547196624),
(31, 'hari', 9, 17, 0.5228787452803376),
(32, 'minggu', 1, 1, 1.4771212547196624),
(33, 'awal', 6, 6, 0.6989700043360189),
(34, 'melia', 1, 4, 1.4771212547196624),
(35, 'acuh', 1, 1, 1.4771212547196624),
(36, 'lela', 1, 1, 1.4771212547196624),
(37, 'itu', 10, 15, 0.47712125471966244),
(38, 'rasa', 10, 20, 0.47712125471966244),
(39, 'ganggu', 1, 1, 1.4771212547196624),
(40, 'selalu', 11, 20, 0.43572856956143735),
(41, 'buat', 15, 27, 0.3010299956639812),
(42, 'senang', 3, 5, 1),
(43, 'denganya', 1, 1, 1.4771212547196624),
(44, 'cari', 2, 2, 1.1760912590556813),
(45, 'tahu', 5, 12, 0.7781512503836436),
(46, 'nyata', 5, 7, 0.7781512503836436),
(47, 'suatu', 7, 7, 0.6320232147054056),
(48, 'tani', 2, 2, 1.1760912590556813),
(49, 'pulang', 4, 4, 0.8750612633917001),
(50, 'naik', 3, 4, 1),
(51, 'angkot', 1, 1, 1.4771212547196624),
(52, 'bisik', 1, 1, 1.4771212547196624),
(53, 'kamu', 3, 8, 1),
(54, 'cantik', 2, 2, 1.1760912590556813),
(55, 'aku', 4, 12, 0.8750612633917001),
(56, 'cinta', 13, 24, 0.3631779024128256),
(57, 'enggak', 1, 1, 1.4771212547196624),
(58, 'sore', 1, 1, 1.4771212547196624),
(59, 'tunggu', 2, 3, 1.1760912590556813),
(60, 'saja', 6, 6, 0.6989700043360189),
(61, 'ucap', 2, 4, 1.1760912590556813),
(62, 'jantung', 1, 1, 1.4771212547196624),
(63, 'detak', 1, 1, 1.4771212547196624),
(64, 'kencang', 1, 1, 1.4771212547196624),
(65, 'kaget', 2, 2, 1.1760912590556813),
(66, 'apa', 3, 3, 1),
(67, 'diam', 4, 5, 0.8750612633917001),
(68, 'dengar', 3, 3, 1),
(69, 'ingat', 3, 3, 1),
(70, 'pacar', 4, 12, 0.8750612633917001),
(71, 'beni', 1, 7, 1.4771212547196624),
(72, 'tinggal', 10, 14, 0.47712125471966244),
(73, 'dekat', 6, 7, 0.6989700043360189),
(74, 'pakai', 3, 4, 1),
(75, 'cara', 3, 3, 1),
(76, 'unik', 2, 2, 1.1760912590556813),
(77, 'romantis', 2, 2, 1.1760912590556813),
(78, 'tak', 11, 23, 0.43572856956143735),
(79, 'biasa', 6, 8, 0.6989700043360189),
(80, 'terus', 6, 7, 0.6989700043360189),
(81, 'pikir', 4, 4, 0.8750612633917001),
(82, 'sering', 3, 3, 1),
(83, 'meberikan', 1, 1, 1.4771212547196624),
(84, 'hadiah', 2, 4, 1.1760912590556813),
(85, 'cokelat', 1, 1, 1.4771212547196624),
(86, 'lalu', 6, 7, 0.6989700043360189),
(87, 'pos', 1, 1, 1.4771212547196624),
(88, 'bawa', 4, 4, 0.8750612633917001),
(89, 'tukang', 2, 2, 1.1760912590556813),
(90, 'pijat', 1, 1, 1.4771212547196624),
(91, 'sedang', 5, 6, 0.7781512503836436),
(92, 'sakit', 5, 6, 0.7781512503836436),
(93, 'ulang', 3, 6, 1),
(94, 'tahun', 8, 14, 0.5740312677277188),
(95, 'beri', 3, 6, 1),
(96, 'kado', 1, 1, 1.4771212547196624),
(97, 'tts', 1, 4, 1.4771212547196624),
(98, 'teka', 1, 1, 1.4771212547196624),
(99, 'teki', 1, 1, 1.4771212547196624),
(100, 'silang', 1, 1, 1.4771212547196624),
(101, 'lucu', 1, 1, 1.4771212547196624),
(102, 'tulis', 3, 3, 1),
(103, 'selamat', 1, 1, 1.4771212547196624),
(104, 'lahir', 2, 2, 1.1760912590556813),
(105, 'sembah', 1, 1, 1.4771212547196624),
(106, 'semua', 5, 5, 0.7781512503836436),
(107, 'isi', 5, 7, 0.7781512503836436),
(108, 'jadi', 21, 36, 0.1549019599857432),
(109, 'pusing', 1, 1, 1.4771212547196624),
(110, 'ini', 7, 7, 0.6320232147054056),
(111, 'iring', 1, 1, 1.4771212547196624),
(112, 'jala', 1, 1, 1.4771212547196624),
(113, 'waktu', 5, 8, 0.7781512503836436),
(114, 'makin', 3, 4, 1),
(115, 'akrab', 1, 1, 1.4771212547196624),
(116, 'beberaa', 1, 1, 1.4771212547196624),
(117, 'wati', 1, 2, 1.4771212547196624),
(118, 'sepupu', 2, 2, 1.1760912590556813),
(119, 'kelas', 4, 5, 0.8750612633917001),
(120, 'dapat', 6, 6, 0.6989700043360189),
(121, 'sempat', 2, 2, 1.1760912590556813),
(122, 'ikut', 2, 5, 1.1760912590556813),
(123, 'acara', 3, 3, 1),
(124, 'cerdas', 2, 2, 1.1760912590556813),
(125, 'cermat', 1, 1, 1.4771212547196624),
(126, 'selenggara', 1, 1, 1.4771212547196624),
(127, 'tvri', 1, 2, 1.4771212547196624),
(128, 'siswa', 2, 2, 1.1760912590556813),
(129, 'lomba', 1, 2, 1.4771212547196624),
(130, 'semangat', 2, 2, 1.1760912590556813),
(131, 'mengikti', 1, 1, 1.4771212547196624),
(132, 'milik', 9, 12, 0.5228787452803376),
(133, 'rencana', 3, 3, 1),
(134, 'lama', 7, 8, 0.6320232147054056),
(135, 'janji', 2, 2, 1.1760912590556813),
(136, 'datang', 6, 8, 0.6989700043360189),
(137, 'akhir', 9, 11, 0.5228787452803376),
(138, 'unutk', 1, 1, 1.4771212547196624),
(139, 'makan', 3, 4, 1),
(140, 'sama', 13, 24, 0.3631779024128256),
(141, 'wanda', 2, 2, 1.1760912590556813),
(142, 'penuh', 4, 5, 0.8750612633917001),
(143, 'emosi', 3, 3, 1),
(144, 'marah', 4, 5, 0.8750612633917001),
(145, 'lihat', 5, 5, 0.7781512503836436),
(146, 'nandan', 1, 1, 1.4771212547196624),
(147, 'hubung', 5, 7, 0.7781512503836436),
(148, 'kandas', 2, 2, 1.1760912590556813),
(149, 'juga', 2, 2, 1.1760912590556813),
(150, 'jelang', 1, 1, 1.4771212547196624),
(151, 'beberapa', 2, 2, 1.1760912590556813),
(152, 'ajak', 3, 3, 1),
(153, 'tolak', 2, 2, 1.1760912590556813),
(154, 'tawar', 1, 1, 1.4771212547196624),
(155, 'ibuna', 1, 1, 1.4771212547196624),
(156, 'ibu', 6, 16, 0.6989700043360189),
(157, 'asiknya', 1, 1, 1.4771212547196624),
(158, 'dukung', 2, 2, 1.1760912590556813),
(159, '1991', 1, 2, 1.4771212547196624),
(160, 'pertama', 7, 9, 0.6320232147054056),
(161, 'memang', 7, 8, 0.6320232147054056),
(162, 'lupa', 2, 2, 1.1760912590556813),
(163, 'meski', 6, 6, 0.6989700043360189),
(164, 'tetap', 6, 6, 0.6989700043360189),
(165, 'tempat', 3, 3, 1),
(166, 'sisi', 1, 1, 1.4771212547196624),
(167, 'hati', 7, 14, 0.6320232147054056),
(168, 'samar', 1, 1, 1.4771212547196624),
(169, 'walaupun', 2, 2, 1.1760912590556813),
(170, 'adnan', 2, 3, 1.1760912590556813),
(171, 'hussain', 2, 3, 1.1760912590556813),
(172, 'kenang', 2, 2, 1.1760912590556813),
(173, 'kasih', 4, 4, 0.8750612633917001),
(174, 'telah', 2, 4, 1.1760912590556813),
(175, 'menandatangani', 1, 1, 1.4771212547196624),
(176, 'surat', 4, 7, 0.8750612633917001),
(177, 'bermaterai', 1, 1, 1.4771212547196624),
(178, 'warung', 3, 6, 1),
(179, 'bi', 2, 4, 1.1760912590556813),
(180, 'eem', 2, 4, 1.1760912590556813),
(181, 'resmi', 2, 2, 1.1760912590556813),
(182, 'asa', 4, 6, 0.8750612633917001),
(183, 'memuncah', 1, 1, 1.4771212547196624),
(184, 'antar', 2, 2, 1.1760912590556813),
(185, 'rumah', 9, 11, 0.5228787452803376),
(186, 'status', 1, 1, 1.4771212547196624),
(187, 'bahagia', 3, 3, 1),
(188, 'begitu', 1, 2, 1.4771212547196624),
(189, 'rindu', 3, 4, 1),
(190, 'seperti', 1, 1, 1.4771212547196624),
(191, 'benar', 7, 8, 0.6320232147054056),
(192, 'nyaman', 3, 3, 1),
(193, 'tekan', 2, 2, 1.1760912590556813),
(194, 'serah', 2, 2, 1.1760912590556813),
(195, 'takut', 3, 4, 1),
(196, 'hlm', 1, 3, 1.4771212547196624),
(197, '273', 1, 1, 1.4771212547196624),
(198, 'namun', 8, 9, 0.5740312677277188),
(199, 'langsung', 2, 2, 1.1760912590556813),
(200, 'uji', 1, 2, 1.4771212547196624),
(201, 'bukan', 8, 9, 0.5740312677277188),
(202, 'kelah', 1, 3, 1.4771212547196624),
(203, 'anhar', 2, 3, 1.1760912590556813),
(204, 'berani', 3, 3, 1),
(205, 'tampar', 1, 1, 1.4771212547196624),
(206, 'ancam', 2, 3, 1.1760912590556813),
(207, 'pecat', 1, 3, 1.4771212547196624),
(208, 'lagi', 4, 6, 0.8750612633917001),
(209, 'kalau', 5, 6, 0.7781512503836436),
(210, 'ancama', 1, 1, 1.4771212547196624),
(211, 'pihak', 4, 4, 0.8750612633917001),
(212, 'kelompok', 1, 1, 1.4771212547196624),
(213, 'balas', 2, 2, 1.1760912590556813),
(214, 'dendam', 1, 2, 1.4771212547196624),
(215, 'keroyok', 1, 1, 1.4771212547196624),
(216, 'babak', 1, 1, 1.4771212547196624),
(217, 'bur', 1, 1, 1.4771212547196624),
(218, 'kena', 2, 2, 1.1760912590556813),
(219, 'masalah', 6, 18, 0.6989700043360189),
(220, 'saking', 1, 1, 1.4771212547196624),
(221, 'cemas', 1, 1, 1.4771212547196624),
(222, 'nurut', 1, 1, 1.4771212547196624),
(223, 'putus', 7, 9, 0.6320232147054056),
(224, 'ya', 2, 2, 1.1760912590556813),
(225, 'lia', 1, 1, 1.4771212547196624),
(226, 'tau', 1, 1, 1.4771212547196624),
(227, 'nakal', 2, 2, 1.1760912590556813),
(228, 'gank', 1, 1, 1.4771212547196624),
(229, 'anak', 7, 14, 0.6320232147054056),
(230, 'motor', 2, 5, 1.1760912590556813),
(231, 'shalat', 1, 1, 1.4771212547196624),
(232, 'praktek', 1, 1, 1.4771212547196624),
(233, 'agama', 1, 1, 1.4771212547196624),
(234, '19', 1, 1, 1.4771212547196624),
(235, 'remaja', 7, 14, 0.6320232147054056),
(236, 'jiwa', 2, 2, 1.1760912590556813),
(237, 'bebas', 1, 1, 1.4771212547196624),
(238, 'jelas', 2, 2, 1.1760912590556813),
(239, 'kekang', 1, 1, 1.4771212547196624),
(240, 'tapi', 2, 2, 1.1760912590556813),
(241, 'sangat', 12, 21, 0.3979400086720376),
(242, 'bagaimana', 3, 3, 1),
(243, 'sikap', 4, 4, 0.8750612633917001),
(244, 'tuntas', 1, 1, 1.4771212547196624),
(245, 'lat', 1, 1, 1.4771212547196624),
(246, 'igo', 1, 1, 1.4771212547196624),
(247, 'harga', 2, 2, 1.1760912590556813),
(248, 'diri', 8, 13, 0.5740312677277188),
(249, 'ingin', 3, 4, 1),
(250, 'ah', 1, 1, 1.4771212547196624),
(251, 'gak', 1, 2, 1.4771212547196624),
(252, 'deh', 1, 1, 1.4771212547196624),
(253, 'asal', 3, 3, 1),
(254, 'tetep', 1, 1, 1.4771212547196624),
(255, 'bumi', 1, 1, 1.4771212547196624),
(256, 'udah', 1, 2, 1.4771212547196624),
(257, 'cukup', 4, 4, 0.8750612633917001),
(258, 'bikin', 2, 2, 1.1760912590556813),
(259, 'neng', 1, 1, 1.4771212547196624),
(260, '24', 1, 1, 1.4771212547196624),
(261, 'kenal', 6, 8, 0.6989700043360189),
(262, 'singkat', 1, 1, 1.4771212547196624),
(263, 'kecil', 6, 12, 0.6989700043360189),
(264, 'kira', 1, 1, 1.4771212547196624),
(265, 'umur', 2, 2, 1.1760912590556813),
(266, '5', 1, 1, 1.4771212547196624),
(267, 'pernah', 8, 11, 0.5740312677277188),
(268, 'macan', 1, 1, 1.4771212547196624),
(269, 'mungkin', 2, 2, 1.1760912590556813),
(270, 'sepeda', 1, 2, 1.4771212547196624),
(271, 'mobil', 1, 1, 1.4771212547196624),
(272, 'derek', 1, 1, 1.4771212547196624),
(273, 'sholat', 1, 1, 1.4771212547196624),
(274, 'mukena', 1, 1, 1.4771212547196624),
(275, 'punya', 3, 3, 1),
(276, 'masa', 7, 8, 0.6320232147054056),
(277, 'sma', 3, 6, 1),
(278, 'nongkrong', 1, 2, 1.4771212547196624),
(279, 'kang', 1, 1, 1.4771212547196624),
(280, 'ewok', 1, 1, 1.4771212547196624),
(281, 'sana', 3, 3, 1),
(282, 'kumpul', 1, 2, 1.4771212547196624),
(283, 'akew', 1, 4, 1.4771212547196624),
(284, 'bowo', 1, 1, 1.4771212547196624),
(285, 'burhan', 1, 1, 1.4771212547196624),
(286, 'ivan', 1, 1, 1.4771212547196624),
(287, 'lain', 5, 7, 0.7781512503836436),
(288, 'gadis', 7, 16, 0.6320232147054056),
(289, 'laku', 5, 10, 0.7781512503836436),
(290, 'minta', 2, 3, 1.1760912590556813),
(291, 'do', 1, 1, 1.4771212547196624),
(292, 'a', 3, 3, 1),
(293, 'bunda', 2, 4, 1.1760912590556813),
(294, 'lancar', 1, 1, 1.4771212547196624),
(295, 'banyak', 5, 6, 0.7781512503836436),
(296, 'rangka', 1, 1, 1.4771212547196624),
(297, 'tanggal', 1, 1, 1.4771212547196624),
(298, '22', 1, 1, 1.4771212547196624),
(299, 'desember', 1, 1, 1.4771212547196624),
(300, 'tepat', 1, 1, 1.4771212547196624),
(301, 'lisan', 1, 1, 1.4771212547196624),
(302, 'lengkap', 1, 1, 1.4771212547196624),
(303, 'bubuh', 1, 1, 1.4771212547196624),
(304, 'tanda', 2, 2, 1.1760912590556813),
(305, 'tangan', 2, 2, 1.1760912590556813),
(306, 'belah', 3, 3, 1),
(307, 'atas', 2, 2, 1.1760912590556813),
(308, 'materai', 1, 1, 1.4771212547196624),
(309, 'masing-masing', 3, 4, 1),
(310, 'mau', 4, 5, 0.8750612633917001),
(311, 'terima', 4, 5, 0.8750612633917001),
(312, 'biar', 1, 1, 1.4771212547196624),
(313, 'asai', 1, 1, 1.4771212547196624),
(314, 'harap', 4, 4, 0.8750612633917001),
(315, 'capai', 1, 1, 1.4771212547196624),
(316, 'sempurna', 3, 4, 1),
(317, 'puisi', 1, 1, 1.4771212547196624),
(318, 'indah', 5, 15, 0.7781512503836436),
(319, 'konyol', 1, 1, 1.4771212547196624),
(320, 'tertawa', 3, 3, 1),
(321, 'sampai', 1, 1, 1.4771212547196624),
(322, 'salah', 9, 12, 0.5228787452803376),
(323, 'paham', 2, 2, 1.1760912590556813),
(324, 'sebab', 3, 5, 1),
(325, 'mati', 3, 4, 1),
(326, 'ira', 1, 1, 1.4771212547196624),
(327, 'selisih', 1, 1, 1.4771212547196624),
(328, 'geng', 1, 3, 1.4771212547196624),
(329, 'anggota', 2, 2, 1.1760912590556813),
(330, 'khawatir', 1, 1, 1.4771212547196624),
(331, 'alami', 5, 5, 0.7781512503836436),
(332, 'suruh', 2, 2, 1.1760912590556813),
(333, 'keluar', 5, 6, 0.7781512503836436),
(334, 'hirau', 1, 1, 1.4771212547196624),
(335, 'bicara', 2, 4, 1.1760912590556813),
(336, 'sepi', 2, 2, 1.1760912590556813),
(337, 'lulus', 1, 1, 1.4771212547196624),
(338, 'lanjut', 4, 7, 0.8750612633917001),
(339, 'kuliah', 3, 3, 1),
(340, 'guru', 1, 1, 1.4771212547196624),
(341, 'tinggi', 2, 3, 1.1760912590556813),
(342, 'negri', 1, 1, 1.4771212547196624),
(343, 'bulan', 1, 1, 1.4771212547196624),
(344, 'bu', 1, 1, 1.4771212547196624),
(345, 'rini', 1, 1, 1.4771212547196624),
(346, 'wafat', 1, 1, 1.4771212547196624),
(347, 'reuni', 1, 1, 1.4771212547196624),
(348, 'mas', 2, 2, 1.1760912590556813),
(349, 'herdi', 1, 1, 1.4771212547196624),
(350, 'dear', 1, 1, 1.4771212547196624),
(351, 'nathan', 2, 18, 1.1760912590556813),
(352, 'salma', 2, 18, 1.1760912590556813),
(353, 'alvira', 1, 1, 1.4771212547196624),
(354, 'lambat', 2, 2, 1.1760912590556813),
(355, 'bingung', 1, 1, 1.4771212547196624),
(356, 'depan', 2, 3, 1.1760912590556813),
(357, 'gerbang', 2, 2, 1.1760912590556813),
(358, 'kemudian', 3, 4, 1),
(359, 'seragam', 1, 1, 1.4771212547196624),
(360, 'putih', 2, 2, 1.1760912590556813),
(361, 'abu', 1, 1, 1.4771212547196624),
(362, 'lelaki', 3, 7, 1),
(363, 'bantu', 5, 7, 0.7781512503836436),
(364, 'selinap', 1, 1, 1.4771212547196624),
(365, 'lewat', 3, 3, 1),
(366, 'samping', 1, 1, 1.4771212547196624),
(367, 'hasil', 2, 2, 1.1760912590556813),
(368, 'masuk', 2, 3, 1.1760912590556813),
(369, 'berkat', 1, 1, 1.4771212547196624),
(370, 'kaku', 1, 1, 1.4771212547196624),
(371, 'si', 2, 4, 1.1760912590556813),
(372, 'kutu', 4, 6, 0.8750612633917001),
(373, 'buku', 8, 11, 0.5740312677277188),
(374, 'hidup', 13, 22, 0.3631779024128256),
(375, 'tata', 1, 1, 1.4771212547196624),
(376, 'planning', 1, 1, 1.4771212547196624),
(377, 'banding', 1, 1, 1.4771212547196624),
(378, 'balik', 3, 3, 1),
(379, 'ia', 1, 1, 1.4771212547196624),
(380, 'onar', 1, 2, 1.4771212547196624),
(381, 'biang', 1, 1, 1.4771212547196624),
(382, 'kerok', 1, 1, 1.4771212547196624),
(383, 'bibir', 1, 1, 1.4771212547196624),
(384, 'gosip', 1, 1, 1.4771212547196624),
(385, 'edar', 1, 1, 1.4771212547196624),
(386, 'tiap', 1, 1, 1.4771212547196624),
(387, 'saaat', 1, 1, 1.4771212547196624),
(388, 'kantin', 2, 2, 1.1760912590556813),
(389, 'lugu', 1, 1, 1.4771212547196624),
(390, 'mmapu', 1, 1, 1.4771212547196624),
(391, 'jatuh', 3, 3, 1),
(392, 'brengsek', 1, 1, 1.4771212547196624),
(393, 'betul', 1, 1, 1.4771212547196624),
(394, 'tulus', 2, 2, 1.1760912590556813),
(395, 'luluh', 1, 1, 1.4771212547196624),
(396, 'diwanti-wanti', 1, 1, 1.4771212547196624),
(397, 'afifah', 1, 1, 1.4771212547196624),
(398, 'sahabat', 6, 8, 0.6989700043360189),
(399, 'sekaligus', 5, 5, 0.7781512503836436),
(400, 'agar', 1, 1, 1.4771212547196624),
(401, 'jauh', 3, 3, 1),
(402, 'lepas', 1, 1, 1.4771212547196624),
(403, 'warna', 1, 1, 1.4771212547196624),
(404, 'keluarga', 7, 12, 0.6320232147054056),
(405, 'timbul', 2, 2, 1.1760912590556813),
(406, 'sejak', 4, 5, 0.8750612633917001),
(407, 'dulu', 2, 3, 1.1760912590556813),
(408, 'kunjung', 1, 1, 1.4771212547196624),
(409, 'selesai', 4, 5, 0.8750612633917001),
(410, 'buka', 3, 3, 1),
(411, 'rapuh', 1, 1, 1.4771212547196624),
(412, 'lampau', 1, 1, 1.4771212547196624),
(413, 'hello', 1, 2, 1.4771212547196624),
(414, 'asmara', 2, 2, 1.1760912590556813),
(415, 'sosok', 5, 11, 0.7781512503836436),
(416, 'bad', 1, 1, 1.4771212547196624),
(417, 'boy', 1, 1, 1.4771212547196624),
(418, 'tampan', 2, 2, 1.1760912590556813),
(419, 'kaya', 2, 2, 1.1760912590556813),
(420, 'idola', 1, 1, 1.4771212547196624),
(421, 'garuda', 1, 1, 1.4771212547196624),
(422, 'beda', 4, 4, 0.8750612633917001),
(423, 'pintar', 2, 2, 1.1760912590556813),
(424, 'aktif', 1, 1, 1.4771212547196624),
(425, 'organisasi', 1, 1, 1.4771212547196624),
(426, 'baik', 7, 9, 0.6320232147054056),
(427, 'mudah', 1, 1, 1.4771212547196624),
(428, 'mana', 4, 4, 0.8750612633917001),
(429, 'rebecca', 1, 1, 1.4771212547196624),
(430, 'tokoh', 6, 9, 0.6989700043360189),
(431, 'hadir', 3, 4, 1),
(432, 'baca', 7, 10, 0.6320232147054056),
(433, 'lebih', 6, 9, 0.6989700043360189),
(434, 'penasaran', 1, 1, 1.4771212547196624),
(435, 'jalin', 1, 1, 1.4771212547196624),
(436, 'tanya', 1, 1, 1.4771212547196624),
(437, 'macam', 1, 1, 1.4771212547196624),
(438, 'senantiasa', 1, 1, 1.4771212547196624),
(439, 'muncul', 4, 4, 0.8750612633917001),
(440, 'benak', 1, 1, 1.4771212547196624),
(441, 'kita', 1, 1, 1.4771212547196624),
(442, 'my', 3, 4, 1),
(443, 'perfect', 3, 3, 1),
(444, 'husband', 1, 1, 1.4771212547196624),
(445, 'arsen', 2, 10, 1.1760912590556813),
(446, 'wanita', 2, 3, 1.1760912590556813),
(447, 'ayla', 2, 11, 1.1760912590556813),
(448, 'mula', 1, 1, 1.4771212547196624),
(449, 'hingga', 3, 6, 1),
(450, 'meni', 2, 3, 1.1760912590556813),
(451, 'sekali', 3, 3, 1),
(452, 'tantang', 2, 2, 1.1760912590556813),
(453, 'ambang', 2, 2, 1.1760912590556813),
(454, 'drop', 1, 1, 1.4771212547196624),
(455, 'out', 1, 1, 1.4771212547196624),
(456, 'ikhlas', 1, 1, 1.4771212547196624),
(457, 'jodoh', 1, 1, 1.4771212547196624),
(458, 'kasar', 1, 2, 1.4771212547196624),
(459, 'tekad', 2, 3, 1.1760912590556813),
(460, 'segala', 4, 5, 0.8750612633917001),
(461, 'batal', 1, 1, 1.4771212547196624),
(462, 'nikah', 2, 6, 1.1760912590556813),
(463, 'mereka', 3, 5, 1),
(464, 'sabar', 3, 4, 1),
(465, 'bulat', 1, 1, 1.4771212547196624),
(466, 'justru', 1, 1, 1.4771212547196624),
(467, 'abai', 1, 1, 1.4771212547196624),
(468, 'tabiat', 1, 1, 1.4771212547196624),
(469, 'keras', 5, 5, 0.7781512503836436),
(470, 'biduk', 1, 1, 1.4771212547196624),
(471, 'hambar', 1, 1, 1.4771212547196624),
(472, 'batas', 3, 3, 1),
(473, 'aylapun', 1, 1, 1.4771212547196624),
(474, 'depresi', 1, 1, 1.4771212547196624),
(475, 'problem', 1, 1, 1.4771212547196624),
(476, 'tangga', 2, 2, 1.1760912590556813),
(477, 'pasang', 2, 2, 1.1760912590556813),
(478, 'suami', 2, 2, 1.1760912590556813),
(479, 'istri', 1, 1, 1.4771212547196624),
(480, 'gayut', 1, 1, 1.4771212547196624),
(481, 'terpa', 1, 1, 1.4771212547196624),
(482, 'dahsyat', 1, 1, 1.4771212547196624),
(483, 'badai', 1, 1, 1.4771212547196624),
(484, 'sunset', 1, 2, 1.4771212547196624),
(485, 'sengaja', 2, 2, 1.1760912590556813),
(486, 'satria', 2, 12, 1.1760912590556813),
(487, 'siapa', 3, 3, 1),
(488, 'sangka', 1, 1, 1.4771212547196624),
(489, 'beranta', 1, 1, 1.4771212547196624),
(490, 'bagai', 2, 4, 1.1760912590556813),
(491, 'mulai', 4, 6, 0.8750612633917001),
(492, 'silih', 1, 1, 1.4771212547196624),
(493, 'ganti', 2, 2, 1.1760912590556813),
(494, 'kepada', 1, 1, 1.4771212547196624),
(495, 'kerja', 9, 11, 0.5228787452803376),
(496, 'ubah', 2, 3, 1.1760912590556813),
(497, 'sang', 4, 6, 0.8750612633917001),
(498, 'kevin', 2, 5, 1.1760912590556813),
(499, 'karena', 2, 2, 1.1760912590556813),
(500, 'selingkuh', 1, 1, 1.4771212547196624),
(501, 'karina', 1, 1, 1.4771212547196624),
(502, 'cerah', 1, 1, 1.4771212547196624),
(503, 'akan', 1, 1, 1.4771212547196624),
(504, 'pasti', 1, 1, 1.4771212547196624),
(505, 'titik', 1, 2, 1.4771212547196624),
(506, 'hitam', 2, 3, 1.1760912590556813),
(507, 'jalan', 5, 7, 0.7781512503836436),
(508, 'paksa', 3, 3, 1),
(509, 'raih', 1, 1, 1.4771212547196624),
(510, 'cahaya', 2, 2, 1.1760912590556813),
(511, 'tiba', 4, 5, 0.8750612633917001),
(512, 'mampu', 3, 4, 1),
(513, 'sadar', 5, 5, 0.7781512503836436),
(514, 'posisi', 1, 2, 1.4771212547196624),
(515, 'sendiri', 9, 13, 0.5228787452803376),
(516, 'pria', 6, 11, 0.6989700043360189),
(517, 'hadap', 3, 4, 1),
(518, 'perihal', 1, 1, 1.4771212547196624),
(519, 'lah', 1, 1, 1.4771212547196624),
(520, 'pojok', 1, 1, 1.4771212547196624),
(521, 'air', 1, 2, 1.4771212547196624),
(522, 'mata', 3, 4, 1),
(523, 'korban', 2, 2, 1.1760912590556813),
(524, 'juang', 3, 6, 1),
(525, 'kelici', 1, 1, 1.4771212547196624),
(526, 'bumbu', 1, 1, 1.4771212547196624),
(527, 'pas', 2, 2, 1.1760912590556813),
(528, 'senyum', 2, 2, 1.1760912590556813),
(529, 'terbit', 3, 3, 1),
(530, 'harus', 1, 1, 1.4771212547196624),
(531, 'uras', 1, 1, 1.4771212547196624),
(532, 'kyria', 1, 2, 1.4771212547196624),
(533, 'main', 4, 4, 0.8750612633917001),
(534, 'benang', 1, 1, 1.4771212547196624),
(535, 'kusut', 1, 1, 1.4771212547196624),
(536, 'tuhan', 3, 5, 1),
(537, 'hukum', 1, 1, 1.4771212547196624),
(538, 'hangat', 1, 1, 1.4771212547196624),
(539, 'ombak', 1, 1, 1.4771212547196624),
(540, 'hempas', 1, 1, 1.4771212547196624),
(541, 'meluluhlantakkan', 1, 1, 1.4771212547196624),
(542, 'sisa', 1, 1, 1.4771212547196624),
(543, 'sunyi', 1, 1, 1.4771212547196624),
(544, 'simpan', 2, 2, 1.1760912590556813),
(545, 'the', 5, 5, 0.7781512503836436),
(546, 'love', 1, 1, 1.4771212547196624),
(547, 'kepala', 2, 3, 1.1760912590556813),
(548, 'pilot', 1, 1, 1.4771212547196624),
(549, 'profesi', 1, 1, 1.4771212547196624),
(550, 'harmonis', 1, 1, 1.4771212547196624),
(551, 'overprotektif', 1, 1, 1.4771212547196624),
(552, 'bentrok', 1, 1, 1.4771212547196624),
(553, 'nimas', 1, 11, 1.4771212547196624),
(554, 'anjak', 1, 1, 1.4771212547196624),
(555, 'dewasa', 4, 4, 0.8750612633917001),
(556, 'awan', 1, 4, 1.4771212547196624),
(557, 'viana', 1, 5, 1.4771212547196624),
(558, 'tunggal', 1, 1, 1.4771212547196624),
(559, 'khanza', 1, 11, 1.4771212547196624),
(560, 'malah', 3, 6, 1),
(561, 'rumit', 2, 3, 1.1760912590556813),
(562, 'sibuk', 1, 1, 1.4771212547196624),
(563, 'haus', 1, 1, 1.4771212547196624),
(564, 'sayang', 3, 4, 1),
(565, 'tua', 4, 7, 0.8750612633917001),
(566, 'situasi', 1, 1, 1.4771212547196624),
(567, 'keruh', 1, 1, 1.4771212547196624),
(568, 'penting', 2, 2, 1.1760912590556813),
(569, 'jarak', 1, 1, 1.4771212547196624),
(570, 'gemes', 1, 1, 1.4771212547196624),
(571, 'tingkah', 1, 1, 1.4771212547196624),
(572, 'tengil', 1, 1, 1.4771212547196624),
(573, 'antem', 1, 1, 1.4771212547196624),
(574, 'mama', 1, 2, 1.4771212547196624),
(575, 'erti', 1, 1, 1.4771212547196624),
(576, 'larang', 1, 1, 1.4771212547196624),
(577, 'pasrah', 1, 1, 1.4771212547196624),
(578, 'ayah', 10, 17, 0.47712125471966244),
(579, 'dio', 1, 1, 1.4771212547196624),
(580, 'pendekar', 1, 1, 1.4771212547196624),
(581, 'setia', 2, 2, 1.1760912590556813),
(582, 'jaga', 2, 2, 1.1760912590556813),
(583, 'ayo', 1, 1, 1.4771212547196624),
(584, 'hal', 3, 4, 1),
(585, '134', 1, 1, 1.4771212547196624),
(586, 'tengah', 3, 3, 1),
(587, 'debat', 1, 1, 1.4771212547196624),
(588, 'usaha', 3, 3, 1),
(589, 'berat', 2, 2, 1.1760912590556813),
(590, 'bahkan', 5, 6, 0.7781512503836436),
(591, 'naufal', 1, 1, 1.4771212547196624),
(592, 'hibur', 2, 2, 1.1760912590556813),
(593, 'tambah', 2, 2, 1.1760912590556813),
(594, 'lawan', 3, 3, 1),
(595, 'dirudung', 1, 1, 1.4771212547196624),
(596, 'cenderung', 1, 1, 1.4771212547196624),
(597, 'buruk', 2, 2, 1.1760912590556813),
(598, 'ada', 5, 5, 0.7781512503836436),
(599, 'pecah', 1, 1, 1.4771212547196624),
(600, 'ela', 1, 1, 1.4771212547196624),
(601, 'kondisi', 1, 1, 1.4771212547196624),
(602, 'kacau', 1, 1, 1.4771212547196624),
(603, 'rahasia', 2, 2, 1.1760912590556813),
(604, 'besar', 6, 6, 0.6989700043360189),
(605, 'papa', 1, 1, 1.4771212547196624),
(606, 'ungkap', 3, 3, 1),
(607, 'ambil', 1, 1, 1.4771212547196624),
(608, 'langkah', 1, 1, 1.4771212547196624),
(609, 'bijak', 1, 1, 1.4771212547196624),
(610, 'panjang', 1, 1, 1.4771212547196624),
(611, 'hilang', 3, 4, 1),
(612, 'sedih', 3, 3, 1),
(613, 'sulit', 4, 4, 0.8750612633917001),
(614, 'bujuk', 1, 1, 1.4771212547196624),
(615, 'tetapi', 1, 1, 1.4771212547196624),
(616, 'bela', 1, 1, 1.4771212547196624),
(617, 'singgung', 1, 1, 1.4771212547196624),
(618, 'mimpi', 2, 9, 1.1760912590556813),
(619, 'tetralogi', 1, 1, 1.4771212547196624),
(620, 'laskar', 1, 2, 1.4771212547196624),
(621, 'pelangi', 1, 2, 1.4771212547196624),
(622, 'karya', 3, 3, 1),
(623, 'andrea', 1, 2, 1.4771212547196624),
(624, 'hirata', 1, 1, 1.4771212547196624),
(625, 'pesona', 1, 1, 1.4771212547196624),
(626, 'percaya', 2, 4, 1.1760912590556813),
(627, 'tenaga', 1, 1, 1.4771212547196624),
(628, 'kuat', 1, 2, 1.4771212547196624),
(629, 'lin', 1, 1, 1.4771212547196624),
(630, 'kelana', 1, 1, 1.4771212547196624),
(631, 'terobos', 1, 1, 1.4771212547196624),
(632, 'sudut', 3, 3, 1),
(633, 'pandang', 4, 4, 0.8750612633917001),
(634, 'nasib', 1, 1, 1.4771212547196624),
(635, 'intelektualitas', 1, 1, 1.4771212547196624),
(636, 'gembira', 1, 1, 1.4771212547196624),
(637, 'luap', 1, 1, 1.4771212547196624),
(638, 'haru', 1, 1, 1.4771212547196624),
(639, 'biru', 1, 1, 1.4771212547196624),
(640, 'layak', 2, 2, 1.1760912590556813),
(641, 'karakter', 2, 2, 1.1760912590556813),
(642, 'laun', 1, 1, 1.4771212547196624),
(643, 'kuasa', 1, 1, 1.4771212547196624),
(644, 'potret', 1, 1, 1.4771212547196624),
(645, 'tawan', 1, 1, 1.4771212547196624),
(646, 'menghentakkan', 1, 1, 1.4771212547196624),
(647, 'humor', 1, 1, 1.4771212547196624),
(648, 'halus', 1, 1, 1.4771212547196624),
(649, 'efek', 1, 1, 1.4771212547196624),
(650, 'filosofis', 1, 1, 1.4771212547196624),
(651, 'resonansi', 1, 1, 1.4771212547196624),
(652, 'tiga', 2, 5, 1.1760912590556813),
(653, 'tamat', 1, 1, 1.4771212547196624),
(654, 'smp', 1, 1, 1.4771212547196624),
(655, 'sini', 1, 1, 1.4771212547196624),
(656, 'ikal', 1, 6, 1.4771212547196624),
(657, 'arai', 1, 5, 1.4771212547196624),
(658, 'saudara', 1, 1, 1.4771212547196624),
(659, 'yatim', 1, 2, 1.4771212547196624),
(660, 'piatu', 1, 2, 1.4771212547196624),
(661, 'sd', 1, 1, 1.4771212547196624),
(662, 'anggap', 2, 2, 1.1760912590556813),
(663, 'jimbron', 1, 4, 1.4771212547196624),
(664, 'angkat', 1, 1, 1.4771212547196624),
(665, 'pendeta', 1, 2, 1.4771212547196624),
(666, 'yakin', 2, 2, 1.1760912590556813),
(667, 'muslim', 1, 1, 1.4771212547196624),
(668, 'taat', 1, 1, 1.4771212547196624),
(669, 'gemar', 1, 1, 1.4771212547196624),
(670, 'kuda', 1, 1, 1.4771212547196624),
(671, 'duduk', 1, 1, 1.4771212547196624),
(672, 'rangking', 1, 1, 1.4771212547196624),
(673, '78', 1, 1, 1.4771212547196624),
(674, '160', 1, 1, 1.4771212547196624),
(675, 'lima', 2, 2, 1.1760912590556813),
(676, 'susah', 1, 1, 1.4771212547196624),
(677, 'guna', 3, 3, 1),
(678, 'ajar', 1, 1, 1.4771212547196624),
(679, 'sorbonne', 1, 1, 1.4771212547196624),
(680, 'perancis', 1, 1, 1.4771212547196624),
(681, 'pukau', 1, 1, 1.4771212547196624),
(682, 'pak', 2, 2, 1.1760912590556813),
(683, 'balia', 1, 1, 1.4771212547196624),
(684, 'meyebut-nyebut', 1, 1, 1.4771212547196624),
(685, 'kota', 1, 1, 1.4771212547196624),
(686, 'kuli', 1, 1, 1.4771212547196624),
(687, 'ngambat', 1, 1, 1.4771212547196624),
(688, 'pukul', 1, 1, 1.4771212547196624),
(689, 'pagi', 1, 1, 1.4771212547196624),
(690, 'jam', 1, 1, 1.4771212547196624),
(691, 'tujuh', 1, 1, 1.4771212547196624),
(692, 'pemuda', 2, 3, 1.1760912590556813),
(693, 'tabung', 1, 2, 1.4771212547196624),
(694, 'wujud', 1, 1, 1.4771212547196624),
(695, 'impi', 1, 1, 1.4771212547196624),
(696, 'logika', 1, 1, 1.4771212547196624),
(697, 'sampi', 1, 1, 1.4771212547196624),
(698, 'optimisme', 1, 1, 1.4771212547196624),
(699, 'bantah', 1, 1, 1.4771212547196624),
(700, 'serendipity', 1, 1, 1.4771212547196624),
(701, 'dunia', 2, 2, 1.1760912590556813),
(702, 'rani', 1, 8, 1.4771212547196624),
(703, 'utang', 1, 1, 1.4771212547196624),
(704, 'bayar', 1, 1, 1.4771212547196624),
(705, 'lady', 1, 1, 1.4771212547196624),
(706, 'escort', 1, 1, 1.4771212547196624),
(707, 'arkan', 1, 3, 1.4771212547196624),
(708, 'lola', 1, 1, 1.4771212547196624),
(709, 'sebar', 1, 1, 1.4771212547196624),
(710, 'foto', 1, 1, 1.4771212547196624),
(711, 'om', 1, 1, 1.4771212547196624),
(712, 'jean', 1, 1, 1.4771212547196624),
(713, 'dari', 2, 2, 1.1760912590556813),
(714, 'gibran', 1, 3, 1.4771212547196624),
(715, 'sekadar', 1, 1, 1.4771212547196624),
(716, 'soal', 1, 1, 1.4771212547196624),
(717, 'seringkali', 1, 1, 1.4771212547196624),
(718, 'ego', 1, 1, 1.4771212547196624),
(719, 'saling', 2, 2, 1.1760912590556813),
(720, 'tetang', 1, 1, 1.4771212547196624),
(721, 'meyisihkan', 1, 1, 1.4771212547196624),
(722, 'dan', 2, 2, 1.1760912590556813),
(723, 'manusia', 3, 4, 1),
(724, 'tegap', 1, 1, 1.4771212547196624),
(725, 'sekal', 1, 1, 1.4771212547196624),
(726, 'ragu', 1, 1, 1.4771212547196624),
(727, 'ketegar', 1, 1, 1.4771212547196624),
(728, 'kadang', 1, 1, 1.4771212547196624),
(729, 'kanker', 1, 4, 1.4771212547196624),
(730, 'ganas', 2, 3, 1.1760912590556813),
(731, 'rabdomiosarkoma', 1, 1, 1.4771212547196624),
(732, 'jaring', 1, 2, 1.4771212547196624),
(733, 'lunak', 1, 2, 1.4771212547196624),
(734, 'gita', 1, 2, 1.4771212547196624),
(735, 'sesa', 1, 1, 1.4771212547196624),
(736, 'cantika', 1, 1, 1.4771212547196624),
(737, 'mantan', 2, 2, 1.1760912590556813),
(738, 'artis', 1, 1, 1.4771212547196624),
(739, 'cilik', 1, 1, 1.4771212547196624),
(740, 'era', 1, 1, 1.4771212547196624),
(741, '1998', 1, 1, 1.4771212547196624),
(742, 'utama', 3, 3, 1),
(743, 'keke', 1, 2, 1.4771212547196624),
(744, 'vonis', 1, 1, 1.4771212547196624),
(745, 'derita', 2, 3, 1.1760912590556813),
(746, 'prediksi', 1, 1, 1.4771212547196624),
(747, 'gerogot', 1, 1, 1.4771212547196624),
(748, 'bagi', 6, 6, 0.6989700043360189),
(749, 'wajah', 1, 1, 1.4771212547196624),
(750, 'monster', 1, 1, 1.4771212547196624),
(751, 'jomblo', 1, 5, 1.4771212547196624),
(752, 'rapopo', 1, 1, 1.4771212547196624),
(753, 'betapa', 2, 2, 1.1760912590556813),
(754, 'parah', 1, 1, 1.4771212547196624),
(755, 'pesimis', 1, 1, 1.4771212547196624),
(756, 'kembang', 1, 1, 1.4771212547196624),
(757, 'kalang', 2, 2, 1.1760912590556813),
(758, 'butuh', 2, 2, 1.1760912590556813),
(759, 'gue', 1, 1, 1.4771212547196624),
(760, 'interaktif', 1, 1, 1.4771212547196624),
(761, 'persepsi', 1, 1, 1.4771212547196624),
(762, 'makhluk', 2, 2, 1.1760912590556813),
(763, 'hina', 1, 1, 1.4771212547196624),
(764, 'cocok', 1, 1, 1.4771212547196624),
(765, 'perilaku', 1, 1, 1.4771212547196624),
(766, 'kini', 2, 2, 1.1760912590556813),
(767, 'kesetiakawanan', 1, 1, 1.4771212547196624),
(768, 'hujan', 1, 2, 1.4771212547196624),
(769, 'nadi', 1, 6, 1.4771212547196624),
(770, 'nadila', 1, 1, 1.4771212547196624),
(771, 'adara', 1, 1, 1.4771212547196624),
(772, 'abraham', 1, 1, 1.4771212547196624),
(773, 'yogyakarta', 1, 1, 1.4771212547196624),
(774, 'ibukota', 1, 1, 1.4771212547196624),
(775, 'editor', 1, 1, 1.4771212547196624),
(776, 'unjung', 1, 1, 1.4771212547196624),
(777, 'kantor', 1, 2, 1.4771212547196624),
(778, 'kios', 1, 7, 1.4771212547196624),
(779, 'jual', 1, 2, 1.4771212547196624),
(780, 'hotdog', 1, 4, 1.4771212547196624),
(781, 'kelola', 1, 1, 1.4771212547196624),
(782, 'randu', 1, 5, 1.4771212547196624),
(783, 'ramai', 1, 1, 1.4771212547196624),
(784, 'enak', 1, 2, 1.4771212547196624),
(785, 'langgan', 1, 1, 1.4771212547196624),
(786, 'gigit', 1, 1, 1.4771212547196624),
(787, 'tutup', 1, 1, 1.4771212547196624),
(788, 'maupun', 2, 2, 1.1760912590556813),
(789, 'yoga', 1, 1, 1.4771212547196624),
(790, 'layan', 1, 1, 1.4771212547196624),
(791, 'beli', 1, 1, 1.4771212547196624),
(792, 'nyawa', 1, 1, 1.4771212547196624),
(793, 'sekian', 1, 1, 1.4771212547196624),
(794, 'nikmat', 1, 1, 1.4771212547196624),
(795, 'alkisah', 1, 1, 1.4771212547196624),
(796, 'benci', 1, 1, 1.4771212547196624),
(797, 'kandung', 2, 2, 1.1760912590556813),
(798, 'malu', 2, 3, 1.1760912590556813),
(799, 'caci', 1, 1, 1.4771212547196624),
(800, 'segera', 1, 1, 1.4771212547196624),
(801, 'kali', 3, 3, 1),
(802, 'bentak', 1, 1, 1.4771212547196624),
(803, 'suara', 2, 2, 1.1760912590556813),
(804, 'bahan', 1, 1, 1.4771212547196624),
(805, 'ejek', 1, 1, 1.4771212547196624),
(806, 'raya', 1, 2, 1.4771212547196624),
(807, 'serba', 1, 1, 1.4771212547196624),
(808, 'toko', 2, 2, 1.1760912590556813),
(809, 'hanya', 1, 1, 1.4771212547196624),
(810, 'cuci', 1, 1, 1.4771212547196624),
(811, 'negeri', 1, 1, 1.4771212547196624),
(812, 'gelap', 2, 2, 1.1760912590556813),
(813, 'tentu', 1, 2, 1.4771212547196624),
(814, 'syarat', 1, 1, 1.4771212547196624),
(815, 'tiup', 1, 1, 1.4771212547196624),
(816, 'lilin', 1, 1, 1.4771212547196624),
(817, 'tancap', 1, 1, 1.4771212547196624),
(818, 'kue', 1, 1, 1.4771212547196624),
(819, '14', 1, 1, 1.4771212547196624),
(820, 'yang', 1, 1, 1.4771212547196624),
(821, 'kabul', 1, 1, 1.4771212547196624),
(822, 'langgar', 1, 1, 1.4771212547196624),
(823, 'keri', 3, 3, 1),
(824, 'harry', 2, 6, 1.1760912590556813),
(825, 'potter', 2, 4, 1.1760912590556813),
(826, 'and', 3, 4, 1),
(827, 'cursed', 1, 1, 1.4771212547196624),
(828, 'child', 1, 1, 1.4771212547196624),
(829, 'versi', 1, 1, 1.4771212547196624),
(830, 'pegawai', 1, 1, 1.4771212547196624),
(831, 'menteri', 1, 1, 1.4771212547196624),
(832, 'sihir', 2, 4, 1.1760912590556813),
(833, 'usia', 2, 2, 1.1760912590556813),
(834, 'upa', 1, 1, 1.4771212547196624),
(835, 'naskah', 1, 1, 1.4771212547196624),
(836, 'mentas', 1, 1, 1.4771212547196624),
(837, 'pentas', 1, 1, NULL),
(838, 'west', 1, 1, NULL),
(839, 'end', 1, 1, NULL),
(840, 'london', 1, 1, NULL),
(841, 'musim', 1, 1, NULL),
(842, 'panas', 1, 1, NULL),
(843, '2016', 1, 1, NULL),
(844, 'drama', 1, 1, NULL),
(845, 'sambut', 1, 1, NULL),
(846, 'sherlock', 1, 3, NULL),
(847, 'hormes', 1, 1, NULL),
(848, 'kasus', 1, 2, NULL),
(849, 'jahat', 2, 5, NULL),
(850, 'lihai', 1, 1, NULL),
(851, 'musuh', 1, 1, NULL),
(852, 'bebuyutan', 1, 1, NULL),
(853, 'profesor', 1, 1, NULL),
(854, 'moriarty', 1, 1, NULL),
(855, 'gaya', 1, 1, NULL),
(856, 'straight', 1, 1, NULL),
(857, 'detail', 1, 2, NULL),
(858, 'tele', 1, 1, NULL),
(859, 'sir', 1, 1, NULL),
(860, 'arthur', 1, 1, NULL),
(861, 'conan', 1, 1, NULL),
(862, 'doyle', 1, 1, NULL),
(863, 'bagus', 1, 1, NULL),
(864, 'perfecto-numero', 1, 1, NULL),
(865, 'uno', 1, 1, NULL),
(866, 'bangun', 2, 3, NULL),
(867, 'untuk', 1, 1, NULL),
(868, 'gambar', 1, 1, NULL),
(869, 'alir', 1, 1, NULL),
(870, 'holmes', 1, 4, NULL),
(871, 'gelitik', 1, 1, NULL),
(872, 'deduksi', 1, 1, NULL),
(873, 'fakta', 1, 1, NULL),
(874, 'adu', 1, 1, NULL),
(875, 'narasi', 1, 1, NULL),
(876, 'aristokrat', 1, 1, NULL),
(877, 'serta', 1, 1, NULL),
(878, 'teri', 1, 1, NULL),
(879, 'dalih', 1, 1, NULL),
(880, 'di-mix', 1, 1, NULL),
(881, 'visualisasi', 1, 1, NULL),
(882, 'detektif', 1, 1, NULL),
(883, 'reka', 1, 1, NULL),
(884, 'fenomenal', 1, 1, NULL),
(885, 'legendaris', 1, 1, NULL),
(886, 'tualang', 1, 1, NULL),
(887, 'partner', 1, 1, NULL),
(888, 'dr', 1, 1, NULL),
(889, 'john', 1, 1, NULL),
(890, 'h', 1, 1, NULL),
(891, 'watson', 1, 1, NULL),
(892, 'kamar', 3, 4, NULL),
(893, 'uang', 1, 1, NULL),
(894, 'sewa', 1, 2, NULL),
(895, 'kos', 1, 1, NULL),
(896, 'baker', 1, 1, NULL),
(897, 'street', 1, 1, NULL),
(898, '221', 1, 1, NULL),
(899, 'b', 1, 1, NULL),
(900, 'ha', 1, 1, NULL),
(901, 'rry', 1, 1, NULL),
(902, 's', 1, 2, NULL),
(903, 'orcerer', 1, 1, NULL),
(904, 'ston', 1, 1, NULL),
(905, 'e', 1, 1, NULL),
(906, 'urus', 1, 1, NULL),
(907, 'd', 1, 1, NULL),
(908, 'engan', 1, 1, NULL),
(909, 'dursley', 1, 1, NULL),
(910, 'kejam', 2, 2, NULL),
(911, 'dudley', 1, 1, NULL),
(912, 'putra', 1, 1, NULL),
(913, 'sebal', 1, 1, NULL),
(914, 'cuma', 1, 1, NULL),
(915, 'lemari', 1, 1, NULL),
(916, 'sempit', 1, 1, NULL),
(917, 'kolong', 1, 1, NULL),
(918, 'ta', 1, 1, NULL),
(919, 'ngga', 1, 1, NULL),
(920, 'sebelas', 1, 1, NULL),
(921, 'diray', 1, 1, NULL),
(922, 'kan', 1, 1, NULL),
(923, 'burung', 1, 1, NULL),
(924, 'hantu', 2, 3, NULL),
(925, 'mis', 1, 1, NULL),
(926, 'terius', 1, 1, NULL),
(927, 'undanga', 1, 1, NULL),
(928, 'n', 1, 2, NULL),
(929, 'takjub', 1, 1, NULL),
(930, 'hogwarts', 1, 1, NULL),
(931, 'tanding', 1, 1, NULL),
(932, 'olahraga', 1, 1, NULL),
(933, 'sapu', 1, 1, NULL),
(934, 'terbang', 1, 1, NULL),
(935, 'pelajara', 1, 1, NULL),
(936, 'mak', 1, 1, NULL),
(937, 'anan', 1, 1, NULL),
(938, 'takdir', 1, 1, NULL),
(939, 'luar', 1, 1, NULL),
(940, 'nanti', 1, 1, NULL),
(941, 'tahan', 2, 2, NULL),
(942, 'hurt', 1, 1, NULL),
(943, 'nabila', 1, 4, NULL),
(944, 'sekarang', 1, 1, NULL),
(945, 'wirausaha', 1, 1, NULL),
(946, 'besi', 1, 1, NULL),
(947, 'seko', 1, 1, NULL),
(948, 'lamun', 1, 1, NULL),
(949, 'kadatangan', 1, 1, NULL),
(950, 'nico', 1, 2, NULL),
(951, 'kerap', 1, 1, NULL),
(952, 'panggil', 1, 1, NULL),
(953, 'bule', 1, 1, NULL),
(954, 'nal', 1, 1, NULL),
(955, 'malik', 1, 1, NULL),
(956, 'teror', 1, 2, NULL),
(957, 'radio', 1, 5, NULL),
(958, 'lembut', 1, 1, NULL),
(959, 'muda', 2, 3, NULL),
(960, 'donal', 1, 5, NULL),
(961, 'bila', 1, 1, NULL),
(962, 'belanja', 1, 1, NULL),
(963, 'dapur', 1, 1, NULL),
(964, 'siar', 1, 3, NULL),
(965, 'kabar', 1, 1, NULL),
(966, 'semenjak', 1, 1, NULL),
(967, 'puluh', 1, 1, NULL),
(968, 'misterius', 2, 3, NULL),
(969, 'sebut', 2, 3, NULL),
(970, 'bunuh', 2, 3, NULL),
(971, 'belum', 2, 2, NULL),
(972, 'luka', 2, 2, NULL),
(973, 'oleh', 1, 1, NULL),
(974, 'crazy', 2, 2, NULL),
(975, 'rich', 2, 3, NULL),
(976, 'asians', 2, 2, NULL),
(977, 'trilogi', 1, 1, NULL),
(978, 'populer', 1, 1, NULL),
(979, 'kwan', 1, 1, NULL),
(980, 'singapura', 1, 2, NULL),
(981, 'kaum', 1, 1, NULL),
(982, 'jetset', 1, 1, NULL),
(983, 'turun', 1, 1, NULL),
(984, 'tionghoa', 1, 1, NULL),
(985, 'lika-likunya', 1, 1, NULL),
(986, 'china', 1, 1, NULL),
(987, 'girlfriend', 1, 1, NULL),
(988, 'gulir', 1, 1, NULL),
(989, 'mewah', 1, 3, NULL),
(990, 'rachel', 1, 3, NULL),
(991, 'chu', 1, 1, NULL),
(992, 'cincin', 1, 1, NULL),
(993, 'berlian', 1, 1, NULL),
(994, 'asscher-cut', 1, 1, NULL),
(995, 'gaun', 1, 1, NULL),
(996, 'altar', 1, 1, NULL),
(997, 'seret', 1, 1, NULL),
(998, 'gemerlap', 1, 1, NULL),
(999, 'shanghai', 1, 1, NULL),
(1000, 'bayang', 1, 1, NULL),
(1001, 'dadak', 1, 1, NULL),
(1002, 'identitas', 1, 1, NULL),
(1003, 'duga', 1, 1, NULL),
(1004, 'me', 1, 2, NULL),
(1005, 'broken', 1, 2, NULL),
(1006, 'heart', 1, 2, NULL),
(1007, 'wulanfadi', 1, 1, NULL),
(1008, 'best', 1, 1, NULL),
(1009, 'seller', 1, 1, NULL),
(1010, 'matt', 1, 1, NULL),
(1011, 'mou', 1, 1, NULL),
(1012, 'luna', 1, 3, NULL),
(1013, 'mika', 1, 2, NULL),
(1014, 'timba', 1, 1, NULL),
(1015, 'ilmu', 1, 1, NULL),
(1016, 'patah', 1, 1, NULL),
(1017, 'pendam', 1, 1, NULL),
(1018, 'memories', 1, 1, NULL),
(1019, 'to', 1, 1, NULL),
(1020, 'forget', 1, 1, NULL),
(1021, 'lara', 1, 4, NULL),
(1022, 'gelisah', 1, 1, NULL),
(1023, 'konten', 1, 1, NULL),
(1024, 'relik', 1, 1, NULL),
(1025, 'choice', 1, 1, NULL),
(1026, 'we', 1, 1, NULL),
(1027, 'make', 1, 1, NULL),
(1028, 'kate', 1, 5, NULL),
(1029, 'hannah', 1, 3, NULL),
(1030, 'sedia', 1, 1, NULL),
(1031, 'surogasi', 1, 1, NULL),
(1032, 'aneurisme', 1, 1, NULL),
(1033, 'calon', 1, 1, NULL),
(1034, 'bayi', 1, 1, NULL),
(1035, 'anna', 1, 5, NULL),
(1036, 'dressed', 1, 2, NULL),
(1037, 'in', 1, 2, NULL),
(1038, 'blood', 1, 2, NULL),
(1039, 'korlov', 1, 1, NULL),
(1040, 'sampul', 1, 1, NULL),
(1041, 'muka', 1, 1, NULL),
(1042, 'jejak', 1, 1, NULL),
(1043, 'kaki', 1, 1, NULL),
(1044, 'cas', 1, 2, NULL),
(1045, 'buru', 1, 1, NULL),
(1046, 'enyah', 1, 1, NULL),
(1047, 'beringas', 1, 1, NULL),
(1048, 'musnah', 1, 1, NULL),
(1049, 'bas', 1, 1, NULL),
(1050, 'romansa', 1, 1, NULL),
(1051, 'dalam', 1, 1, NULL),
(1052, 'terlalu', 1, 1, NULL),
(1053, 'kental', 1, 1, NULL),
(1054, 'head', 1, 1, NULL),
(1055, 'full', 1, 1, NULL),
(1056, 'ghost', 1, 1, NULL),
(1057, 'merry', 1, 2, NULL),
(1058, 'kakak', 1, 1, NULL),
(1059, 'marjorie', 1, 5, NULL),
(1060, 'rasuk', 1, 1, NULL),
(1061, 'aneh', 1, 1, NULL),
(1062, 'horor', 1, 2, NULL),
(1063, 'tubuh', 1, 2, NULL),
(1064, 'iblis', 2, 3, NULL),
(1065, 'bilang', 1, 1, NULL),
(1066, 'paul', 1, 1, NULL),
(1067, 'tremblay', 1, 1, NULL),
(1068, 'simpul', 1, 1, NULL),
(1069, 'melody', 1, 1, NULL),
(1070, 'of', 1, 1, NULL),
(1071, 'darkness', 1, 1, NULL),
(1072, 'gabriella', 1, 1, NULL),
(1073, 'hudson', 1, 1, NULL),
(1074, 'sekretaris', 1, 1, NULL),
(1075, 'multisektor', 1, 1, NULL),
(1076, 'washington', 1, 1, NULL),
(1077, 'normal', 1, 1, NULL),
(1078, 'gabby', 1, 12, NULL),
(1079, 'tunang', 1, 2, NULL),
(1080, 'paling', 1, 2, NULL),
(1081, 'malam', 1, 2, NULL),
(1082, 'amal', 1, 1, NULL),
(1083, 'pingsan', 1, 1, NULL),
(1084, 'tamu', 1, 1, NULL),
(1085, 'undang', 1, 1, NULL),
(1086, 'ranjang', 1, 1, NULL),
(1087, 'rambut', 1, 1, NULL),
(1088, 'pirang', 1, 1, NULL),
(1089, 'lari', 1, 1, NULL),
(1090, 'kris', 1, 5, NULL),
(1091, 'nosferatu', 1, 1, NULL),
(1092, 'tugas', 1, 1, NULL),
(1093, 'damai', 1, 1, NULL),
(1094, 'antara', 1, 1, NULL),
(1095, 'ras', 1, 2, NULL),
(1096, 'non', 1, 1, NULL),
(1097, 'maksud', 1, 1, NULL),
(1098, 'alat', 1, 1, NULL),
(1099, 'negosiasi', 1, 1, NULL),
(1100, 'berontak', 1, 1, NULL),
(1101, 'habis', 1, 1, NULL),
(1102, 'perhati', 2, 2, NULL),
(1103, 'berkah', 1, 1, NULL),
(1104, 'vampir', 1, 1, NULL),
(1105, 'marmut', 1, 1, NULL),
(1106, 'merah', 1, 1, NULL),
(1107, 'jambu', 1, 1, NULL),
(1108, 'pdkt', 1, 1, NULL),
(1109, 'mentah', 1, 1, NULL),
(1110, 'seluruh', 1, 1, NULL),
(1111, 'tarik', 1, 1, NULL),
(1112, 'sesuai', 1, 1, NULL),
(1113, 'ahli', 1, 1, NULL),
(1114, 'radit', 1, 1, NULL),
(1115, 'olah', 1, 1, NULL),
(1116, 'curah', 1, 1, NULL),
(1117, 'adik', 1, 1, NULL),
(1118, 'edgar', 1, 1, NULL),
(1119, 'kucing', 1, 2, NULL),
(1120, 'pelihara', 1, 1, NULL),
(1121, 'bab', 1, 1, NULL);

-- --------------------------------------------------------

--
-- Table structure for table `migrations`
--

CREATE TABLE `migrations` (
  `id` int(10) UNSIGNED NOT NULL,
  `migration` varchar(191) COLLATE utf8mb4_unicode_ci NOT NULL,
  `batch` int(11) NOT NULL
) ENGINE=InnoDB DEFAULT CHARSET=utf8mb4 COLLATE=utf8mb4_unicode_ci;

--
-- Dumping data for table `migrations`
--

INSERT INTO `migrations` (`id`, `migration`, `batch`) VALUES
(76, '2014_10_12_000000_create_users_table', 1),
(77, '2019_05_14_081007_create_books_category_table', 1),
(78, '2019_05_14_085928_create_books_table', 1),
(79, '2019_06_19_005554_create_inverted_books_table', 1),
(80, '2019_06_19_005713_create_detail_indexes_table', 1);

-- --------------------------------------------------------

--
-- Table structure for table `users`
--

CREATE TABLE `users` (
  `id` bigint(20) UNSIGNED NOT NULL,
  `name` varchar(191) COLLATE utf8mb4_unicode_ci NOT NULL,
  `email` varchar(191) COLLATE utf8mb4_unicode_ci NOT NULL,
  `email_verified_at` timestamp NULL DEFAULT NULL,
  `password` varchar(191) COLLATE utf8mb4_unicode_ci NOT NULL,
  `remember_token` varchar(100) COLLATE utf8mb4_unicode_ci DEFAULT NULL,
  `created_at` timestamp NULL DEFAULT NULL,
  `updated_at` timestamp NULL DEFAULT NULL
) ENGINE=InnoDB DEFAULT CHARSET=utf8mb4 COLLATE=utf8mb4_unicode_ci;

--
-- Indexes for dumped tables
--

--
-- Indexes for table `books`
--
ALTER TABLE `books`
  ADD PRIMARY KEY (`id`),
  ADD KEY `books_books_category_id_foreign` (`books_category_id`);

--
-- Indexes for table `books_category`
--
ALTER TABLE `books_category`
  ADD PRIMARY KEY (`id`);

--
-- Indexes for table `detail_indexes`
--
ALTER TABLE `detail_indexes`
  ADD PRIMARY KEY (`id`),
  ADD KEY `detail_indexes_books_id_foreign` (`books_id`),
  ADD KEY `detail_indexes_inverted_books_id_foreign` (`inverted_books_id`);

--
-- Indexes for table `inverted_books`
--
ALTER TABLE `inverted_books`
  ADD PRIMARY KEY (`id`);

--
-- Indexes for table `migrations`
--
ALTER TABLE `migrations`
  ADD PRIMARY KEY (`id`);

--
-- Indexes for table `users`
--
ALTER TABLE `users`
  ADD PRIMARY KEY (`id`),
  ADD UNIQUE KEY `users_email_unique` (`email`);

--
-- AUTO_INCREMENT for dumped tables
--

--
-- AUTO_INCREMENT for table `books`
--
ALTER TABLE `books`
  MODIFY `id` bigint(20) UNSIGNED NOT NULL AUTO_INCREMENT, AUTO_INCREMENT=31;

--
-- AUTO_INCREMENT for table `books_category`
--
ALTER TABLE `books_category`
  MODIFY `id` bigint(20) UNSIGNED NOT NULL AUTO_INCREMENT, AUTO_INCREMENT=7;

--
-- AUTO_INCREMENT for table `detail_indexes`
--
ALTER TABLE `detail_indexes`
  MODIFY `id` bigint(20) UNSIGNED NOT NULL AUTO_INCREMENT, AUTO_INCREMENT=2251;

--
-- AUTO_INCREMENT for table `inverted_books`
--
ALTER TABLE `inverted_books`
  MODIFY `id` bigint(20) UNSIGNED NOT NULL AUTO_INCREMENT, AUTO_INCREMENT=1122;

--
-- AUTO_INCREMENT for table `migrations`
--
ALTER TABLE `migrations`
  MODIFY `id` int(10) UNSIGNED NOT NULL AUTO_INCREMENT, AUTO_INCREMENT=81;

--
-- AUTO_INCREMENT for table `users`
--
ALTER TABLE `users`
  MODIFY `id` bigint(20) UNSIGNED NOT NULL AUTO_INCREMENT;

--
-- Constraints for dumped tables
--

--
-- Constraints for table `books`
--
ALTER TABLE `books`
  ADD CONSTRAINT `books_books_category_id_foreign` FOREIGN KEY (`books_category_id`) REFERENCES `books_category` (`id`);

--
-- Constraints for table `detail_indexes`
--
ALTER TABLE `detail_indexes`
  ADD CONSTRAINT `detail_indexes_books_id_foreign` FOREIGN KEY (`books_id`) REFERENCES `books` (`id`),
  ADD CONSTRAINT `detail_indexes_inverted_books_id_foreign` FOREIGN KEY (`inverted_books_id`) REFERENCES `inverted_books` (`id`);
COMMIT;

/*!40101 SET CHARACTER_SET_CLIENT=@OLD_CHARACTER_SET_CLIENT */;
/*!40101 SET CHARACTER_SET_RESULTS=@OLD_CHARACTER_SET_RESULTS */;
/*!40101 SET COLLATION_CONNECTION=@OLD_COLLATION_CONNECTION */;
